"State","Factory Type","Factory Name","City","Factory ID"
"Tamil Nadu","Rice Mill","Chennai Rice Industries","Chennai","TN0001"
"Karnataka","Sugar Mill","Mysore Sugar Processors","Mysore","KA0002"
"Kerala","Food Processing","Kozhikode Food Enterprises","Kozhikode","KL0003"
"Andhra Pradesh","Dairy Plant","Nellore Dairy Foods","Nellore","AP0004"
"Telangana","Oil Mill","Khammam Oil Agro Works","Khammam","TS0005"
"Maharashtra","Cold Storage","Solapur Cold Agencies","Solapur","MH0006"
"Gujarat","Agro Processing","Ahmedabad Agro Mills","Ahmedabad","GJ0007"
"Punjab","Flour Mill","Jalandhar Flour Products","Jalandhar","PB0008"
"Haryana","Spice Processing","Rohtak Spice FarmTech","Rohtak","HR0009"
"Uttar Pradesh","Fruit Processing","Agra Fruit Agri Unit","Agra","UP0010"
"Rajasthan","Rice Mill","Bikaner Rice Industries","Bikaner","RJ0011"
"Madhya Pradesh","Sugar Mill","Sagar Sugar Processors","Sagar","MP0012"
"Bihar","Food Processing","Bhagalpur Food Enterprises","Bhagalpur","BR0013"
"West Bengal","Dairy Plant","Malda Dairy Foods","Malda","WB0014"
"Odisha","Oil Mill","Balasore Oil Agro Works","Balasore","OD0015"
"Chhattisgarh","Cold Storage","Raipur Cold Agencies","Raipur","CG0016"
"Tamil Nadu","Agro Processing","Tiruppur Agro Mills","Tiruppur","TN0017"
"Karnataka","Flour Mill","Mysore Flour Products","Mysore","KA0018"
"Kerala","Spice Processing","Kochi Spice FarmTech","Kochi","KL0019"
"Andhra Pradesh","Fruit Processing","Guntur Fruit Agri Unit","Guntur","AP0020"
"Telangana","Rice Mill","Hyderabad Rice Industries","Hyderabad","TS0021"
"Maharashtra","Sugar Mill","Pune Sugar Processors","Pune","MH0022"
"Gujarat","Food Processing","Bhavnagar Food Enterprises","Bhavnagar","GJ0023"
"Punjab","Dairy Plant","Patiala Dairy Foods","Patiala","PB0024"
"Haryana","Oil Mill","Ambala Oil Agro Works","Ambala","HR0025"
"Uttar Pradesh","Cold Storage","Varanasi Cold Agencies","Varanasi","UP0026"
"Rajasthan","Agro Processing","Udaipur Agro Mills","Udaipur","RJ0027"
"Madhya Pradesh","Flour Mill","Gwalior Flour Products","Gwalior","MP0028"
"Bihar","Spice Processing","Gaya Spice FarmTech","Gaya","BR0029"
"West Bengal","Fruit Processing","Howrah Fruit Agri Unit","Howrah","WB0030"
"Odisha","Rice Mill","Bhubaneswar Rice Industries","Bhubaneswar","OD0031"
"Chhattisgarh","Sugar Mill","Bilaspur Sugar Processors","Bilaspur","CG0032"
"Tamil Nadu","Food Processing","Madurai Food Enterprises","Madurai","TN0033"
"Karnataka","Dairy Plant","Mysore Dairy Foods","Mysore","KA0034"
"Kerala","Oil Mill","Kannur Oil Agro Works","Kannur","KL0035"
"Andhra Pradesh","Cold Storage","Tirupati Cold Agencies","Tirupati","AP0036"
"Telangana","Agro Processing","Warangal Agro Mills","Warangal","TS0037"
"Maharashtra","Flour Mill","Nashik Flour Products","Nashik","MH0038"
"Gujarat","Spice Processing","Rajkot Spice FarmTech","Rajkot","GJ0039"
"Punjab","Fruit Processing","Bathinda Fruit Agri Unit","Bathinda","PB0040"
"Haryana","Rice Mill","Karnal Rice Industries","Karnal","HR0041"
"Uttar Pradesh","Sugar Mill","Gorakhpur Sugar Processors","Gorakhpur","UP0042"
"Rajasthan","Food Processing","Jaipur Food Enterprises","Jaipur","RJ0043"
"Madhya Pradesh","Dairy Plant","Bhopal Dairy Foods","Bhopal","MP0044"
"Bihar","Oil Mill","Purnia Oil Agro Works","Purnia","BR0045"
"West Bengal","Cold Storage","Kolkata Cold Agencies","Kolkata","WB0046"
"Odisha","Agro Processing","Cuttack Agro Mills","Cuttack","OD0047"
"Chhattisgarh","Flour Mill","Durg Flour Products","Durg","CG0048"
"Tamil Nadu","Spice Processing","Vellore Spice FarmTech","Vellore","TN0049"
"Karnataka","Fruit Processing","Mysore Fruit Agri Unit","Mysore","KA0050"
"Kerala","Rice Mill","Kozhikode Rice Industries","Kozhikode","KL0051"
"Andhra Pradesh","Sugar Mill","Nellore Sugar Processors","Nellore","AP0052"
"Telangana","Food Processing","Karimnagar Food Enterprises","Karimnagar","TS0053"
"Maharashtra","Dairy Plant","Aurangabad Dairy Foods","Aurangabad","MH0054"
"Gujarat","Oil Mill","Ahmedabad Oil Agro Works","Ahmedabad","GJ0055"
"Punjab","Cold Storage","Ludhiana Cold Agencies","Ludhiana","PB0056"
"Haryana","Agro Processing","Hisar Agro Mills","Hisar","HR0057"
"Uttar Pradesh","Flour Mill","Lucknow Flour Products","Lucknow","UP0058"
"Rajasthan","Spice Processing","Bikaner Spice FarmTech","Bikaner","RJ0059"
"Madhya Pradesh","Fruit Processing","Sagar Fruit Agri Unit","Sagar","MP0060"
"Bihar","Rice Mill","Patna Rice Industries","Patna","BR0061"
"West Bengal","Sugar Mill","Siliguri Sugar Processors","Siliguri","WB0062"
"Odisha","Food Processing","Sambalpur Food Enterprises","Sambalpur","OD0063"
"Chhattisgarh","Dairy Plant","Korba Dairy Foods","Korba","CG0064"
"Tamil Nadu","Oil Mill","Erode Oil Agro Works","Erode","TN0065"
"Karnataka","Cold Storage","Mysore Cold Agencies","Mysore","KA0066"
"Kerala","Agro Processing","Kochi Agro Mills","Kochi","KL0067"
"Andhra Pradesh","Flour Mill","Guntur Flour Products","Guntur","AP0068"
"Telangana","Spice Processing","Nizamabad Spice FarmTech","Nizamabad","TS0069"
"Maharashtra","Fruit Processing","Amravati Fruit Agri Unit","Amravati","MH0070"
"Gujarat","Rice Mill","Bhavnagar Rice Industries","Bhavnagar","GJ0071"
"Punjab","Sugar Mill","Amritsar Sugar Processors","Amritsar","PB0072"
"Haryana","Food Processing","Panipat Food Enterprises","Panipat","HR0073"
"Uttar Pradesh","Dairy Plant","Meerut Dairy Foods","Meerut","UP0074"
"Rajasthan","Oil Mill","Udaipur Oil Agro Works","Udaipur","RJ0075"
"Madhya Pradesh","Cold Storage","Gwalior Cold Agencies","Gwalior","MP0076"
"Bihar","Agro Processing","Muzaffarpur Agro Mills","Muzaffarpur","BR0077"
"West Bengal","Flour Mill","Durgapur Flour Products","Durgapur","WB0078"
"Odisha","Spice Processing","Rourkela Spice FarmTech","Rourkela","OD0079"
"Chhattisgarh","Fruit Processing","Rajnandgaon Fruit Agri Unit","Rajnandgaon","CG0080"
"Tamil Nadu","Rice Mill","Chennai Rice Industries","Chennai","TN0081"
"Karnataka","Sugar Mill","Mysore Sugar Processors","Mysore","KA0082"
"Kerala","Food Processing","Kannur Food Enterprises","Kannur","KL0083"
"Andhra Pradesh","Dairy Plant","Tirupati Dairy Foods","Tirupati","AP0084"
"Telangana","Oil Mill","Khammam Oil Agro Works","Khammam","TS0085"
"Maharashtra","Cold Storage","Nagpur Cold Agencies","Nagpur","MH0086"
"Gujarat","Agro Processing","Rajkot Agro Mills","Rajkot","GJ0087"
"Punjab","Flour Mill","Jalandhar Flour Products","Jalandhar","PB0088"
"Haryana","Spice Processing","Rohtak Spice FarmTech","Rohtak","HR0089"
"Uttar Pradesh","Fruit Processing","Bareilly Fruit Agri Unit","Bareilly","UP0090"
"Rajasthan","Rice Mill","Jaipur Rice Industries","Jaipur","RJ0091"
"Madhya Pradesh","Sugar Mill","Bhopal Sugar Processors","Bhopal","MP0092"
"Bihar","Food Processing","Bhagalpur Food Enterprises","Bhagalpur","BR0093"
"West Bengal","Dairy Plant","Malda Dairy Foods","Malda","WB0094"
"Odisha","Oil Mill","Balasore Oil Agro Works","Balasore","OD0095"
"Chhattisgarh","Cold Storage","Raipur Cold Agencies","Raipur","CG0096"
"Tamil Nadu","Agro Processing","Tiruppur Agro Mills","Tiruppur","TN0097"
"Karnataka","Flour Mill","Mysore Flour Products","Mysore","KA0098"
"Kerala","Spice Processing","Kozhikode Spice FarmTech","Kozhikode","KL0099"
"Andhra Pradesh","Fruit Processing","Nellore Fruit Agri Unit","Nellore","AP0100"
"Telangana","Rice Mill","Hyderabad Rice Industries","Hyderabad","TS0101"
"Maharashtra","Sugar Mill","Kolhapur Sugar Processors","Kolhapur","MH0102"
"Gujarat","Food Processing","Ahmedabad Food Enterprises","Ahmedabad","GJ0103"
"Punjab","Dairy Plant","Patiala Dairy Foods","Patiala","PB0104"
"Haryana","Oil Mill","Ambala Oil Agro Works","Ambala","HR0105"
"Uttar Pradesh","Cold Storage","Kanpur Cold Agencies","Kanpur","UP0106"
"Rajasthan","Agro Processing","Bikaner Agro Mills","Bikaner","RJ0107"
"Madhya Pradesh","Flour Mill","Sagar Flour Products","Sagar","MP0108"
"Bihar","Spice Processing","Gaya Spice FarmTech","Gaya","BR0109"
"West Bengal","Fruit Processing","Howrah Fruit Agri Unit","Howrah","WB0110"
"Odisha","Rice Mill","Bhubaneswar Rice Industries","Bhubaneswar","OD0111"
"Chhattisgarh","Sugar Mill","Bilaspur Sugar Processors","Bilaspur","CG0112"
"Tamil Nadu","Food Processing","Madurai Food Enterprises","Madurai","TN0113"
"Karnataka","Dairy Plant","Mysore Dairy Foods","Mysore","KA0114"
"Kerala","Oil Mill","Kochi Oil Agro Works","Kochi","KL0115"
"Andhra Pradesh","Cold Storage","Guntur Cold Agencies","Guntur","AP0116"
"Telangana","Agro Processing","Warangal Agro Mills","Warangal","TS0117"
"Maharashtra","Flour Mill","Solapur Flour Products","Solapur","MH0118"
"Gujarat","Spice Processing","Bhavnagar Spice FarmTech","Bhavnagar","GJ0119"
"Punjab","Fruit Processing","Bathinda Fruit Agri Unit","Bathinda","PB0120"
"Haryana","Rice Mill","Karnal Rice Industries","Karnal","HR0121"
"Uttar Pradesh","Sugar Mill","Agra Sugar Processors","Agra","UP0122"
"Rajasthan","Food Processing","Udaipur Food Enterprises","Udaipur","RJ0123"
"Madhya Pradesh","Dairy Plant","Gwalior Dairy Foods","Gwalior","MP0124"
"Bihar","Oil Mill","Purnia Oil Agro Works","Purnia","BR0125"
"West Bengal","Cold Storage","Kolkata Cold Agencies","Kolkata","WB0126"
"Odisha","Agro Processing","Cuttack Agro Mills","Cuttack","OD0127"
"Chhattisgarh","Flour Mill","Durg Flour Products","Durg","CG0128"
"Tamil Nadu","Spice Processing","Vellore Spice FarmTech","Vellore","TN0129"
"Karnataka","Fruit Processing","Mysore Fruit Agri Unit","Mysore","KA0130"
"Kerala","Rice Mill","Kannur Rice Industries","Kannur","KL0131"
"Andhra Pradesh","Sugar Mill","Tirupati Sugar Processors","Tirupati","AP0132"
"Telangana","Food Processing","Karimnagar Food Enterprises","Karimnagar","TS0133"
"Maharashtra","Dairy Plant","Pune Dairy Foods","Pune","MH0134"
"Gujarat","Oil Mill","Rajkot Oil Agro Works","Rajkot","GJ0135"
"Punjab","Cold Storage","Ludhiana Cold Agencies","Ludhiana","PB0136"
"Haryana","Agro Processing","Hisar Agro Mills","Hisar","HR0137"
"Uttar Pradesh","Flour Mill","Varanasi Flour Products","Varanasi","UP0138"
"Rajasthan","Spice Processing","Jaipur Spice FarmTech","Jaipur","RJ0139"
"Madhya Pradesh","Fruit Processing","Bhopal Fruit Agri Unit","Bhopal","MP0140"
"Bihar","Rice Mill","Patna Rice Industries","Patna","BR0141"
"West Bengal","Sugar Mill","Siliguri Sugar Processors","Siliguri","WB0142"
"Odisha","Food Processing","Sambalpur Food Enterprises","Sambalpur","OD0143"
"Chhattisgarh","Dairy Plant","Korba Dairy Foods","Korba","CG0144"
"Tamil Nadu","Oil Mill","Erode Oil Agro Works","Erode","TN0145"
"Karnataka","Cold Storage","Mysore Cold Agencies","Mysore","KA0146"
"Kerala","Agro Processing","Kozhikode Agro Mills","Kozhikode","KL0147"
"Andhra Pradesh","Flour Mill","Nellore Flour Products","Nellore","AP0148"
"Telangana","Spice Processing","Nizamabad Spice FarmTech","Nizamabad","TS0149"
"Maharashtra","Fruit Processing","Nashik Fruit Agri Unit","Nashik","MH0150"
"Gujarat","Rice Mill","Ahmedabad Rice Industries","Ahmedabad","GJ0151"
"Punjab","Sugar Mill","Amritsar Sugar Processors","Amritsar","PB0152"
"Haryana","Food Processing","Panipat Food Enterprises","Panipat","HR0153"
"Uttar Pradesh","Dairy Plant","Gorakhpur Dairy Foods","Gorakhpur","UP0154"
"Rajasthan","Oil Mill","Bikaner Oil Agro Works","Bikaner","RJ0155"
"Madhya Pradesh","Cold Storage","Sagar Cold Agencies","Sagar","MP0156"
"Bihar","Agro Processing","Muzaffarpur Agro Mills","Muzaffarpur","BR0157"
"West Bengal","Flour Mill","Durgapur Flour Products","Durgapur","WB0158"
"Odisha","Spice Processing","Rourkela Spice FarmTech","Rourkela","OD0159"
"Chhattisgarh","Fruit Processing","Rajnandgaon Fruit Agri Unit","Rajnandgaon","CG0160"
"Tamil Nadu","Rice Mill","Chennai Rice Industries","Chennai","TN0161"
"Karnataka","Sugar Mill","Mysore Sugar Processors","Mysore","KA0162"
"Kerala","Food Processing","Kochi Food Enterprises","Kochi","KL0163"
"Andhra Pradesh","Dairy Plant","Guntur Dairy Foods","Guntur","AP0164"
"Telangana","Oil Mill","Khammam Oil Agro Works","Khammam","TS0165"
"Maharashtra","Cold Storage","Aurangabad Cold Agencies","Aurangabad","MH0166"
"Gujarat","Agro Processing","Bhavnagar Agro Mills","Bhavnagar","GJ0167"
"Punjab","Flour Mill","Jalandhar Flour Products","Jalandhar","PB0168"
"Haryana","Spice Processing","Rohtak Spice FarmTech","Rohtak","HR0169"
"Uttar Pradesh","Fruit Processing","Lucknow Fruit Agri Unit","Lucknow","UP0170"
"Rajasthan","Rice Mill","Udaipur Rice Industries","Udaipur","RJ0171"
"Madhya Pradesh","Sugar Mill","Gwalior Sugar Processors","Gwalior","MP0172"
"Bihar","Food Processing","Bhagalpur Food Enterprises","Bhagalpur","BR0173"
"West Bengal","Dairy Plant","Malda Dairy Foods","Malda","WB0174"
"Odisha","Oil Mill","Balasore Oil Agro Works","Balasore","OD0175"
"Chhattisgarh","Cold Storage","Raipur Cold Agencies","Raipur","CG0176"
"Tamil Nadu","Agro Processing","Tiruppur Agro Mills","Tiruppur","TN0177"
"Karnataka","Flour Mill","Mysore Flour Products","Mysore","KA0178"
"Kerala","Spice Processing","Kannur Spice FarmTech","Kannur","KL0179"
"Andhra Pradesh","Fruit Processing","Tirupati Fruit Agri Unit","Tirupati","AP0180"
"Telangana","Rice Mill","Hyderabad Rice Industries","Hyderabad","TS0181"
"Maharashtra","Sugar Mill","Amravati Sugar Processors","Amravati","MH0182"
"Gujarat","Food Processing","Rajkot Food Enterprises","Rajkot","GJ0183"
"Punjab","Dairy Plant","Patiala Dairy Foods","Patiala","PB0184"
"Haryana","Oil Mill","Ambala Oil Agro Works","Ambala","HR0185"
"Uttar Pradesh","Cold Storage","Meerut Cold Agencies","Meerut","UP0186"
"Rajasthan","Agro Processing","Jaipur Agro Mills","Jaipur","RJ0187"
"Madhya Pradesh","Flour Mill","Bhopal Flour Products","Bhopal","MP0188"
"Bihar","Spice Processing","Gaya Spice FarmTech","Gaya","BR0189"
"West Bengal","Fruit Processing","Howrah Fruit Agri Unit","Howrah","WB0190"
"Odisha","Rice Mill","Bhubaneswar Rice Industries","Bhubaneswar","OD0191"
"Chhattisgarh","Sugar Mill","Bilaspur Sugar Processors","Bilaspur","CG0192"
"Tamil Nadu","Food Processing","Madurai Food Enterprises","Madurai","TN0193"
"Karnataka","Dairy Plant","Mysore Dairy Foods","Mysore","KA0194"
"Kerala","Oil Mill","Kozhikode Oil Agro Works","Kozhikode","KL0195"
"Andhra Pradesh","Cold Storage","Nellore Cold Agencies","Nellore","AP0196"
"Telangana","Agro Processing","Warangal Agro Mills","Warangal","TS0197"
"Maharashtra","Flour Mill","Nagpur Flour Products","Nagpur","MH0198"
"Gujarat","Spice Processing","Ahmedabad Spice FarmTech","Ahmedabad","GJ0199"
"Punjab","Fruit Processing","Bathinda Fruit Agri Unit","Bathinda","PB0200"
"Haryana","Rice Mill","Karnal Rice Industries","Karnal","HR0201"
"Uttar Pradesh","Sugar Mill","Bareilly Sugar Processors","Bareilly","UP0202"
"Rajasthan","Food Processing","Bikaner Food Enterprises","Bikaner","RJ0203"
"Madhya Pradesh","Dairy Plant","Sagar Dairy Foods","Sagar","MP0204"
"Bihar","Oil Mill","Purnia Oil Agro Works","Purnia","BR0205"
"West Bengal","Cold Storage","Kolkata Cold Agencies","Kolkata","WB0206"
"Odisha","Agro Processing","Cuttack Agro Mills","Cuttack","OD0207"
"Chhattisgarh","Flour Mill","Durg Flour Products","Durg","CG0208"
"Tamil Nadu","Spice Processing","Vellore Spice FarmTech","Vellore","TN0209"
"Karnataka","Fruit Processing","Mysore Fruit Agri Unit","Mysore","KA0210"
"Kerala","Rice Mill","Kochi Rice Industries","Kochi","KL0211"
"Andhra Pradesh","Sugar Mill","Guntur Sugar Processors","Guntur","AP0212"
"Telangana","Food Processing","Karimnagar Food Enterprises","Karimnagar","TS0213"
"Maharashtra","Dairy Plant","Kolhapur Dairy Foods","Kolhapur","MH0214"
"Gujarat","Oil Mill","Bhavnagar Oil Agro Works","Bhavnagar","GJ0215"
"Punjab","Cold Storage","Ludhiana Cold Agencies","Ludhiana","PB0216"
"Haryana","Agro Processing","Hisar Agro Mills","Hisar","HR0217"
"Uttar Pradesh","Flour Mill","Kanpur Flour Products","Kanpur","UP0218"
"Rajasthan","Spice Processing","Udaipur Spice FarmTech","Udaipur","RJ0219"
"Madhya Pradesh","Fruit Processing","Gwalior Fruit Agri Unit","Gwalior","MP0220"
"Bihar","Rice Mill","Patna Rice Industries","Patna","BR0221"
"West Bengal","Sugar Mill","Siliguri Sugar Processors","Siliguri","WB0222"
"Odisha","Food Processing","Sambalpur Food Enterprises","Sambalpur","OD0223"
"Chhattisgarh","Dairy Plant","Korba Dairy Foods","Korba","CG0224"
"Tamil Nadu","Oil Mill","Erode Oil Agro Works","Erode","TN0225"
"Karnataka","Cold Storage","Mysore Cold Agencies","Mysore","KA0226"
"Kerala","Agro Processing","Kannur Agro Mills","Kannur","KL0227"
"Andhra Pradesh","Flour Mill","Tirupati Flour Products","Tirupati","AP0228"
"Telangana","Spice Processing","Nizamabad Spice FarmTech","Nizamabad","TS0229"
"Maharashtra","Fruit Processing","Solapur Fruit Agri Unit","Solapur","MH0230"
"Gujarat","Rice Mill","Rajkot Rice Industries","Rajkot","GJ0231"
"Punjab","Sugar Mill","Amritsar Sugar Processors","Amritsar","PB0232"
"Haryana","Food Processing","Panipat Food Enterprises","Panipat","HR0233"
"Uttar Pradesh","Dairy Plant","Agra Dairy Foods","Agra","UP0234"
"Rajasthan","Oil Mill","Jaipur Oil Agro Works","Jaipur","RJ0235"
"Madhya Pradesh","Cold Storage","Bhopal Cold Agencies","Bhopal","MP0236"
"Bihar","Agro Processing","Muzaffarpur Agro Mills","Muzaffarpur","BR0237"
"West Bengal","Flour Mill","Durgapur Flour Products","Durgapur","WB0238"
"Odisha","Spice Processing","Rourkela Spice FarmTech","Rourkela","OD0239"
"Chhattisgarh","Fruit Processing","Rajnandgaon Fruit Agri Unit","Rajnandgaon","CG0240"
"Tamil Nadu","Rice Mill","Chennai Rice Industries","Chennai","TN0241"
"Karnataka","Sugar Mill","Mysore Sugar Processors","Mysore","KA0242"
"Kerala","Food Processing","Kozhikode Food Enterprises","Kozhikode","KL0243"
"Andhra Pradesh","Dairy Plant","Nellore Dairy Foods","Nellore","AP0244"
"Telangana","Oil Mill","Khammam Oil Agro Works","Khammam","TS0245"
"Maharashtra","Cold Storage","Pune Cold Agencies","Pune","MH0246"
"Gujarat","Agro Processing","Ahmedabad Agro Mills","Ahmedabad","GJ0247"
"Punjab","Flour Mill","Jalandhar Flour Products","Jalandhar","PB0248"
"Haryana","Spice Processing","Rohtak Spice FarmTech","Rohtak","HR0249"
"Uttar Pradesh","Fruit Processing","Varanasi Fruit Agri Unit","Varanasi","UP0250"
"Rajasthan","Rice Mill","Bikaner Rice Industries","Bikaner","RJ0251"
"Madhya Pradesh","Sugar Mill","Sagar Sugar Processors","Sagar","MP0252"
"Bihar","Food Processing","Bhagalpur Food Enterprises","Bhagalpur","BR0253"
"West Bengal","Dairy Plant","Malda Dairy Foods","Malda","WB0254"
"Odisha","Oil Mill","Balasore Oil Agro Works","Balasore","OD0255"
"Chhattisgarh","Cold Storage","Raipur Cold Agencies","Raipur","CG0256"
"Tamil Nadu","Agro Processing","Tiruppur Agro Mills","Tiruppur","TN0257"
"Karnataka","Flour Mill","Mysore Flour Products","Mysore","KA0258"
"Kerala","Spice Processing","Kochi Spice FarmTech","Kochi","KL0259"
"Andhra Pradesh","Fruit Processing","Guntur Fruit Agri Unit","Guntur","AP0260"
"Telangana","Rice Mill","Hyderabad Rice Industries","Hyderabad","TS0261"
"Maharashtra","Sugar Mill","Nashik Sugar Processors","Nashik","MH0262"
"Gujarat","Food Processing","Bhavnagar Food Enterprises","Bhavnagar","GJ0263"
"Punjab","Dairy Plant","Patiala Dairy Foods","Patiala","PB0264"
"Haryana","Oil Mill","Ambala Oil Agro Works","Ambala","HR0265"
"Uttar Pradesh","Cold Storage","Gorakhpur Cold Agencies","Gorakhpur","UP0266"
"Rajasthan","Agro Processing","Udaipur Agro Mills","Udaipur","RJ0267"
"Madhya Pradesh","Flour Mill","Gwalior Flour Products","Gwalior","MP0268"
"Bihar","Spice Processing","Gaya Spice FarmTech","Gaya","BR0269"
"West Bengal","Fruit Processing","Howrah Fruit Agri Unit","Howrah","WB0270"
"Odisha","Rice Mill","Bhubaneswar Rice Industries","Bhubaneswar","OD0271"
"Chhattisgarh","Sugar Mill","Bilaspur Sugar Processors","Bilaspur","CG0272"
"Tamil Nadu","Food Processing","Madurai Food Enterprises","Madurai","TN0273"
"Karnataka","Dairy Plant","Mysore Dairy Foods","Mysore","KA0274"
"Kerala","Oil Mill","Kannur Oil Agro Works","Kannur","KL0275"
"Andhra Pradesh","Cold Storage","Tirupati Cold Agencies","Tirupati","AP0276"
"Telangana","Agro Processing","Warangal Agro Mills","Warangal","TS0277"
"Maharashtra","Flour Mill","Aurangabad Flour Products","Aurangabad","MH0278"
"Gujarat","Spice Processing","Rajkot Spice FarmTech","Rajkot","GJ0279"
"Punjab","Fruit Processing","Bathinda Fruit Agri Unit","Bathinda","PB0280"
"Haryana","Rice Mill","Karnal Rice Industries","Karnal","HR0281"
"Uttar Pradesh","Sugar Mill","Lucknow Sugar Processors","Lucknow","UP0282"
"Rajasthan","Food Processing","Jaipur Food Enterprises","Jaipur","RJ0283"
"Madhya Pradesh","Dairy Plant","Bhopal Dairy Foods","Bhopal","MP0284"
"Bihar","Oil Mill","Purnia Oil Agro Works","Purnia","BR0285"
"West Bengal","Cold Storage","Kolkata Cold Agencies","Kolkata","WB0286"
"Odisha","Agro Processing","Cuttack Agro Mills","Cuttack","OD0287"
"Chhattisgarh","Flour Mill","Durg Flour Products","Durg","CG0288"
"Tamil Nadu","Spice Processing","Vellore Spice FarmTech","Vellore","TN0289"
"Karnataka","Fruit Processing","Mysore Fruit Agri Unit","Mysore","KA0290"
"Kerala","Rice Mill","Kozhikode Rice Industries","Kozhikode","KL0291"
"Andhra Pradesh","Sugar Mill","Nellore Sugar Processors","Nellore","AP0292"
"Telangana","Food Processing","Karimnagar Food Enterprises","Karimnagar","TS0293"
"Maharashtra","Dairy Plant","Amravati Dairy Foods","Amravati","MH0294"
"Gujarat","Oil Mill","Ahmedabad Oil Agro Works","Ahmedabad","GJ0295"
"Punjab","Cold Storage","Ludhiana Cold Agencies","Ludhiana","PB0296"
"Haryana","Agro Processing","Hisar Agro Mills","Hisar","HR0297"
"Uttar Pradesh","Flour Mill","Meerut Flour Products","Meerut","UP0298"
"Rajasthan","Spice Processing","Bikaner Spice FarmTech","Bikaner","RJ0299"
"Madhya Pradesh","Fruit Processing","Sagar Fruit Agri Unit","Sagar","MP0300"
"Bihar","Rice Mill","Patna Rice Industries","Patna","BR0301"
"West Bengal","Sugar Mill","Siliguri Sugar Processors","Siliguri","WB0302"
"Odisha","Food Processing","Sambalpur Food Enterprises","Sambalpur","OD0303"
"Chhattisgarh","Dairy Plant","Korba Dairy Foods","Korba","CG0304"
"Tamil Nadu","Oil Mill","Erode Oil Agro Works","Erode","TN0305"
"Karnataka","Cold Storage","Mysore Cold Agencies","Mysore","KA0306"
"Kerala","Agro Processing","Kochi Agro Mills","Kochi","KL0307"
"Andhra Pradesh","Flour Mill","Guntur Flour Products","Guntur","AP0308"
"Telangana","Spice Processing","Nizamabad Spice FarmTech","Nizamabad","TS0309"
"Maharashtra","Fruit Processing","Nagpur Fruit Agri Unit","Nagpur","MH0310"
"Gujarat","Rice Mill","Bhavnagar Rice Industries","Bhavnagar","GJ0311"
"Punjab","Sugar Mill","Amritsar Sugar Processors","Amritsar","PB0312"
"Haryana","Food Processing","Panipat Food Enterprises","Panipat","HR0313"
"Uttar Pradesh","Dairy Plant","Bareilly Dairy Foods","Bareilly","UP0314"
"Rajasthan","Oil Mill","Udaipur Oil Agro Works","Udaipur","RJ0315"
"Madhya Pradesh","Cold Storage","Gwalior Cold Agencies","Gwalior","MP0316"
"Bihar","Agro Processing","Muzaffarpur Agro Mills","Muzaffarpur","BR0317"
"West Bengal","Flour Mill","Durgapur Flour Products","Durgapur","WB0318"
"Odisha","Spice Processing","Rourkela Spice FarmTech","Rourkela","OD0319"
"Chhattisgarh","Fruit Processing","Rajnandgaon Fruit Agri Unit","Rajnandgaon","CG0320"
"Tamil Nadu","Rice Mill","Chennai Rice Industries","Chennai","TN0321"
"Karnataka","Sugar Mill","Mysore Sugar Processors","Mysore","KA0322"
"Kerala","Food Processing","Kannur Food Enterprises","Kannur","KL0323"
"Andhra Pradesh","Dairy Plant","Tirupati Dairy Foods","Tirupati","AP0324"
"Telangana","Oil Mill","Khammam Oil Agro Works","Khammam","TS0325"
"Maharashtra","Cold Storage","Kolhapur Cold Agencies","Kolhapur","MH0326"
"Gujarat","Agro Processing","Rajkot Agro Mills","Rajkot","GJ0327"
"Punjab","Flour Mill","Jalandhar Flour Products","Jalandhar","PB0328"
"Haryana","Spice Processing","Rohtak Spice FarmTech","Rohtak","HR0329"
"Uttar Pradesh","Fruit Processing","Kanpur Fruit Agri Unit","Kanpur","UP0330"
"Rajasthan","Rice Mill","Jaipur Rice Industries","Jaipur","RJ0331"
"Madhya Pradesh","Sugar Mill","Bhopal Sugar Processors","Bhopal","MP0332"
"Bihar","Food Processing","Bhagalpur Food Enterprises","Bhagalpur","BR0333"
"West Bengal","Dairy Plant","Malda Dairy Foods","Malda","WB0334"
"Odisha","Oil Mill","Balasore Oil Agro Works","Balasore","OD0335"
"Chhattisgarh","Cold Storage","Raipur Cold Agencies","Raipur","CG0336"
"Tamil Nadu","Agro Processing","Tiruppur Agro Mills","Tiruppur","TN0337"
"Karnataka","Flour Mill","Mysore Flour Products","Mysore","KA0338"
"Kerala","Spice Processing","Kozhikode Spice FarmTech","Kozhikode","KL0339"
"Andhra Pradesh","Fruit Processing","Nellore Fruit Agri Unit","Nellore","AP0340"
"Telangana","Rice Mill","Hyderabad Rice Industries","Hyderabad","TS0341"
"Maharashtra","Sugar Mill","Solapur Sugar Processors","Solapur","MH0342"
"Gujarat","Food Processing","Ahmedabad Food Enterprises","Ahmedabad","GJ0343"
"Punjab","Dairy Plant","Patiala Dairy Foods","Patiala","PB0344"
"Haryana","Oil Mill","Ambala Oil Agro Works","Ambala","HR0345"
"Uttar Pradesh","Cold Storage","Agra Cold Agencies","Agra","UP0346"
"Rajasthan","Agro Processing","Bikaner Agro Mills","Bikaner","RJ0347"
"Madhya Pradesh","Flour Mill","Sagar Flour Products","Sagar","MP0348"
"Bihar","Spice Processing","Gaya Spice FarmTech","Gaya","BR0349"
"West Bengal","Fruit Processing","Howrah Fruit Agri Unit","Howrah","WB0350"
"Odisha","Rice Mill","Bhubaneswar Rice Industries","Bhubaneswar","OD0351"
"Chhattisgarh","Sugar Mill","Bilaspur Sugar Processors","Bilaspur","CG0352"
"Tamil Nadu","Food Processing","Madurai Food Enterprises","Madurai","TN0353"
"Karnataka","Dairy Plant","Mysore Dairy Foods","Mysore","KA0354"
"Kerala","Oil Mill","Kochi Oil Agro Works","Kochi","KL0355"
"Andhra Pradesh","Cold Storage","Guntur Cold Agencies","Guntur","AP0356"
"Telangana","Agro Processing","Warangal Agro Mills","Warangal","TS0357"
"Maharashtra","Flour Mill","Pune Flour Products","Pune","MH0358"
"Gujarat","Spice Processing","Bhavnagar Spice FarmTech","Bhavnagar","GJ0359"
"Punjab","Fruit Processing","Bathinda Fruit Agri Unit","Bathinda","PB0360"
"Haryana","Rice Mill","Karnal Rice Industries","Karnal","HR0361"
"Uttar Pradesh","Sugar Mill","Varanasi Sugar Processors","Varanasi","UP0362"
"Rajasthan","Food Processing","Udaipur Food Enterprises","Udaipur","RJ0363"
"Madhya Pradesh","Dairy Plant","Gwalior Dairy Foods","Gwalior","MP0364"
"Bihar","Oil Mill","Purnia Oil Agro Works","Purnia","BR0365"
"West Bengal","Cold Storage","Kolkata Cold Agencies","Kolkata","WB0366"
"Odisha","Agro Processing","Cuttack Agro Mills","Cuttack","OD0367"
"Chhattisgarh","Flour Mill","Durg Flour Products","Durg","CG0368"
"Tamil Nadu","Spice Processing","Vellore Spice FarmTech","Vellore","TN0369"
"Karnataka","Fruit Processing","Mysore Fruit Agri Unit","Mysore","KA0370"
"Kerala","Rice Mill","Kannur Rice Industries","Kannur","KL0371"
"Andhra Pradesh","Sugar Mill","Tirupati Sugar Processors","Tirupati","AP0372"
"Telangana","Food Processing","Karimnagar Food Enterprises","Karimnagar","TS0373"
"Maharashtra","Dairy Plant","Nashik Dairy Foods","Nashik","MH0374"
"Gujarat","Oil Mill","Rajkot Oil Agro Works","Rajkot","GJ0375"
"Punjab","Cold Storage","Ludhiana Cold Agencies","Ludhiana","PB0376"
"Haryana","Agro Processing","Hisar Agro Mills","Hisar","HR0377"
"Uttar Pradesh","Flour Mill","Gorakhpur Flour Products","Gorakhpur","UP0378"
"Rajasthan","Spice Processing","Jaipur Spice FarmTech","Jaipur","RJ0379"
"Madhya Pradesh","Fruit Processing","Bhopal Fruit Agri Unit","Bhopal","MP0380"
"Bihar","Rice Mill","Patna Rice Industries","Patna","BR0381"
"West Bengal","Sugar Mill","Siliguri Sugar Processors","Siliguri","WB0382"
"Odisha","Food Processing","Sambalpur Food Enterprises","Sambalpur","OD0383"
"Chhattisgarh","Dairy Plant","Korba Dairy Foods","Korba","CG0384"
"Tamil Nadu","Oil Mill","Erode Oil Agro Works","Erode","TN0385"
"Karnataka","Cold Storage","Mysore Cold Agencies","Mysore","KA0386"
"Kerala","Agro Processing","Kozhikode Agro Mills","Kozhikode","KL0387"
"Andhra Pradesh","Flour Mill","Nellore Flour Products","Nellore","AP0388"
"Telangana","Spice Processing","Nizamabad Spice FarmTech","Nizamabad","TS0389"
"Maharashtra","Fruit Processing","Aurangabad Fruit Agri Unit","Aurangabad","MH0390"
"Gujarat","Rice Mill","Ahmedabad Rice Industries","Ahmedabad","GJ0391"
"Punjab","Sugar Mill","Amritsar Sugar Processors","Amritsar","PB0392"
"Haryana","Food Processing","Panipat Food Enterprises","Panipat","HR0393"
"Uttar Pradesh","Dairy Plant","Lucknow Dairy Foods","Lucknow","UP0394"
"Rajasthan","Oil Mill","Bikaner Oil Agro Works","Bikaner","RJ0395"
"Madhya Pradesh","Cold Storage","Sagar Cold Agencies","Sagar","MP0396"
"Bihar","Agro Processing","Muzaffarpur Agro Mills","Muzaffarpur","BR0397"
"West Bengal","Flour Mill","Durgapur Flour Products","Durgapur","WB0398"
"Odisha","Spice Processing","Rourkela Spice FarmTech","Rourkela","OD0399"
"Chhattisgarh","Fruit Processing","Rajnandgaon Fruit Agri Unit","Rajnandgaon","CG0400"
"Tamil Nadu","Rice Mill","Chennai Rice Industries","Chennai","TN0401"
"Karnataka","Sugar Mill","Mysore Sugar Processors","Mysore","KA0402"
"Kerala","Food Processing","Kochi Food Enterprises","Kochi","KL0403"
"Andhra Pradesh","Dairy Plant","Guntur Dairy Foods","Guntur","AP0404"
"Telangana","Oil Mill","Khammam Oil Agro Works","Khammam","TS0405"
"Maharashtra","Cold Storage","Amravati Cold Agencies","Amravati","MH0406"
"Gujarat","Agro Processing","Bhavnagar Agro Mills","Bhavnagar","GJ0407"
"Punjab","Flour Mill","Jalandhar Flour Products","Jalandhar","PB0408"
"Haryana","Spice Processing","Rohtak Spice FarmTech","Rohtak","HR0409"
"Uttar Pradesh","Fruit Processing","Meerut Fruit Agri Unit","Meerut","UP0410"
"Rajasthan","Rice Mill","Udaipur Rice Industries","Udaipur","RJ0411"
"Madhya Pradesh","Sugar Mill","Gwalior Sugar Processors","Gwalior","MP0412"
"Bihar","Food Processing","Bhagalpur Food Enterprises","Bhagalpur","BR0413"
"West Bengal","Dairy Plant","Malda Dairy Foods","Malda","WB0414"
"Odisha","Oil Mill","Balasore Oil Agro Works","Balasore","OD0415"
"Chhattisgarh","Cold Storage","Raipur Cold Agencies","Raipur","CG0416"
"Tamil Nadu","Agro Processing","Tiruppur Agro Mills","Tiruppur","TN0417"
"Karnataka","Flour Mill","Mysore Flour Products","Mysore","KA0418"
"Kerala","Spice Processing","Kannur Spice FarmTech","Kannur","KL0419"
"Andhra Pradesh","Fruit Processing","Tirupati Fruit Agri Unit","Tirupati","AP0420"
"Telangana","Rice Mill","Hyderabad Rice Industries","Hyderabad","TS0421"
"Maharashtra","Sugar Mill","Nagpur Sugar Processors","Nagpur","MH0422"
"Gujarat","Food Processing","Rajkot Food Enterprises","Rajkot","GJ0423"
"Punjab","Dairy Plant","Patiala Dairy Foods","Patiala","PB0424"
"Haryana","Oil Mill","Ambala Oil Agro Works","Ambala","HR0425"
"Uttar Pradesh","Cold Storage","Bareilly Cold Agencies","Bareilly","UP0426"
"Rajasthan","Agro Processing","Jaipur Agro Mills","Jaipur","RJ0427"
"Madhya Pradesh","Flour Mill","Bhopal Flour Products","Bhopal","MP0428"
"Bihar","Spice Processing","Gaya Spice FarmTech","Gaya","BR0429"
"West Bengal","Fruit Processing","Howrah Fruit Agri Unit","Howrah","WB0430"
"Odisha","Rice Mill","Bhubaneswar Rice Industries","Bhubaneswar","OD0431"
"Chhattisgarh","Sugar Mill","Bilaspur Sugar Processors","Bilaspur","CG0432"
"Tamil Nadu","Food Processing","Madurai Food Enterprises","Madurai","TN0433"
"Karnataka","Dairy Plant","Mysore Dairy Foods","Mysore","KA0434"
"Kerala","Oil Mill","Kozhikode Oil Agro Works","Kozhikode","KL0435"
"Andhra Pradesh","Cold Storage","Nellore Cold Agencies","Nellore","AP0436"
"Telangana","Agro Processing","Warangal Agro Mills","Warangal","TS0437"
"Maharashtra","Flour Mill","Kolhapur Flour Products","Kolhapur","MH0438"
"Gujarat","Spice Processing","Ahmedabad Spice FarmTech","Ahmedabad","GJ0439"
"Punjab","Fruit Processing","Bathinda Fruit Agri Unit","Bathinda","PB0440"
"Haryana","Rice Mill","Karnal Rice Industries","Karnal","HR0441"
"Uttar Pradesh","Sugar Mill","Kanpur Sugar Processors","Kanpur","UP0442"
"Rajasthan","Food Processing","Bikaner Food Enterprises","Bikaner","RJ0443"
"Madhya Pradesh","Dairy Plant","Sagar Dairy Foods","Sagar","MP0444"
"Bihar","Oil Mill","Purnia Oil Agro Works","Purnia","BR0445"
"West Bengal","Cold Storage","Kolkata Cold Agencies","Kolkata","WB0446"
"Odisha","Agro Processing","Cuttack Agro Mills","Cuttack","OD0447"
"Chhattisgarh","Flour Mill","Durg Flour Products","Durg","CG0448"
"Tamil Nadu","Spice Processing","Vellore Spice FarmTech","Vellore","TN0449"
"Karnataka","Fruit Processing","Mysore Fruit Agri Unit","Mysore","KA0450"
"Kerala","Rice Mill","Kochi Rice Industries","Kochi","KL0451"
"Andhra Pradesh","Sugar Mill","Guntur Sugar Processors","Guntur","AP0452"
"Telangana","Food Processing","Karimnagar Food Enterprises","Karimnagar","TS0453"
"Maharashtra","Dairy Plant","Solapur Dairy Foods","Solapur","MH0454"
"Gujarat","Oil Mill","Bhavnagar Oil Agro Works","Bhavnagar","GJ0455"
"Punjab","Cold Storage","Ludhiana Cold Agencies","Ludhiana","PB0456"
"Haryana","Agro Processing","Hisar Agro Mills","Hisar","HR0457"
"Uttar Pradesh","Flour Mill","Agra Flour Products","Agra","UP0458"
"Rajasthan","Spice Processing","Udaipur Spice FarmTech","Udaipur","RJ0459"
"Madhya Pradesh","Fruit Processing","Gwalior Fruit Agri Unit","Gwalior","MP0460"
"Bihar","Rice Mill","Patna Rice Industries","Patna","BR0461"
"West Bengal","Sugar Mill","Siliguri Sugar Processors","Siliguri","WB0462"
"Odisha","Food Processing","Sambalpur Food Enterprises","Sambalpur","OD0463"
"Chhattisgarh","Dairy Plant","Korba Dairy Foods","Korba","CG0464"
"Tamil Nadu","Oil Mill","Erode Oil Agro Works","Erode","TN0465"
"Karnataka","Cold Storage","Mysore Cold Agencies","Mysore","KA0466"
"Kerala","Agro Processing","Kannur Agro Mills","Kannur","KL0467"
"Andhra Pradesh","Flour Mill","Tirupati Flour Products","Tirupati","AP0468"
"Telangana","Spice Processing","Nizamabad Spice FarmTech","Nizamabad","TS0469"
"Maharashtra","Fruit Processing","Pune Fruit Agri Unit","Pune","MH0470"
"Gujarat","Rice Mill","Rajkot Rice Industries","Rajkot","GJ0471"
"Punjab","Sugar Mill","Amritsar Sugar Processors","Amritsar","PB0472"
"Haryana","Food Processing","Panipat Food Enterprises","Panipat","HR0473"
"Uttar Pradesh","Dairy Plant","Varanasi Dairy Foods","Varanasi","UP0474"
"Rajasthan","Oil Mill","Jaipur Oil Agro Works","Jaipur","RJ0475"
"Madhya Pradesh","Cold Storage","Bhopal Cold Agencies","Bhopal","MP0476"
"Bihar","Agro Processing","Muzaffarpur Agro Mills","Muzaffarpur","BR0477"
"West Bengal","Flour Mill","Durgapur Flour Products","Durgapur","WB0478"
"Odisha","Spice Processing","Rourkela Spice FarmTech","Rourkela","OD0479"
"Chhattisgarh","Fruit Processing","Rajnandgaon Fruit Agri Unit","Rajnandgaon","CG0480"
"Tamil Nadu","Rice Mill","Chennai Rice Industries","Chennai","TN0481"
"Karnataka","Sugar Mill","Mysore Sugar Processors","Mysore","KA0482"
"Kerala","Food Processing","Kozhikode Food Enterprises","Kozhikode","KL0483"
"Andhra Pradesh","Dairy Plant","Nellore Dairy Foods","Nellore","AP0484"
"Telangana","Oil Mill","Khammam Oil Agro Works","Khammam","TS0485"
"Maharashtra","Cold Storage","Nashik Cold Agencies","Nashik","MH0486"
"Gujarat","Agro Processing","Ahmedabad Agro Mills","Ahmedabad","GJ0487"
"Punjab","Flour Mill","Jalandhar Flour Products","Jalandhar","PB0488"
"Haryana","Spice Processing","Rohtak Spice FarmTech","Rohtak","HR0489"
"Uttar Pradesh","Fruit Processing","Gorakhpur Fruit Agri Unit","Gorakhpur","UP0490"
"Rajasthan","Rice Mill","Bikaner Rice Industries","Bikaner","RJ0491"
"Madhya Pradesh","Sugar Mill","Sagar Sugar Processors","Sagar","MP0492"
"Bihar","Food Processing","Bhagalpur Food Enterprises","Bhagalpur","BR0493"
"West Bengal","Dairy Plant","Malda Dairy Foods","Malda","WB0494"
"Odisha","Oil Mill","Balasore Oil Agro Works","Balasore","OD0495"
"Chhattisgarh","Cold Storage","Raipur Cold Agencies","Raipur","CG0496"
"Tamil Nadu","Agro Processing","Tiruppur Agro Mills","Tiruppur","TN0497"
"Karnataka","Flour Mill","Mysore Flour Products","Mysore","KA0498"
"Kerala","Spice Processing","Kochi Spice FarmTech","Kochi","KL0499"
"Andhra Pradesh","Fruit Processing","Guntur Fruit Agri Unit","Guntur","AP0500"
"Telangana","Rice Mill","Hyderabad Rice Industries","Hyderabad","TS0501"
"Maharashtra","Sugar Mill","Aurangabad Sugar Processors","Aurangabad","MH0502"
"Gujarat","Food Processing","Bhavnagar Food Enterprises","Bhavnagar","GJ0503"
"Punjab","Dairy Plant","Patiala Dairy Foods","Patiala","PB0504"
"Haryana","Oil Mill","Ambala Oil Agro Works","Ambala","HR0505"
"Uttar Pradesh","Cold Storage","Lucknow Cold Agencies","Lucknow","UP0506"
"Rajasthan","Agro Processing","Udaipur Agro Mills","Udaipur","RJ0507"
"Madhya Pradesh","Flour Mill","Gwalior Flour Products","Gwalior","MP0508"
"Bihar","Spice Processing","Gaya Spice FarmTech","Gaya","BR0509"
"West Bengal","Fruit Processing","Howrah Fruit Agri Unit","Howrah","WB0510"
"Odisha","Rice Mill","Bhubaneswar Rice Industries","Bhubaneswar","OD0511"
"Chhattisgarh","Sugar Mill","Bilaspur Sugar Processors","Bilaspur","CG0512"
"Tamil Nadu","Food Processing","Madurai Food Enterprises","Madurai","TN0513"
"Karnataka","Dairy Plant","Mysore Dairy Foods","Mysore","KA0514"
"Kerala","Oil Mill","Kannur Oil Agro Works","Kannur","KL0515"
"Andhra Pradesh","Cold Storage","Tirupati Cold Agencies","Tirupati","AP0516"
"Telangana","Agro Processing","Warangal Agro Mills","Warangal","TS0517"
"Maharashtra","Flour Mill","Amravati Flour Products","Amravati","MH0518"
"Gujarat","Spice Processing","Rajkot Spice FarmTech","Rajkot","GJ0519"
"Punjab","Fruit Processing","Bathinda Fruit Agri Unit","Bathinda","PB0520"
"Haryana","Rice Mill","Karnal Rice Industries","Karnal","HR0521"
"Uttar Pradesh","Sugar Mill","Meerut Sugar Processors","Meerut","UP0522"
"Rajasthan","Food Processing","Jaipur Food Enterprises","Jaipur","RJ0523"
"Madhya Pradesh","Dairy Plant","Bhopal Dairy Foods","Bhopal","MP0524"
"Bihar","Oil Mill","Purnia Oil Agro Works","Purnia","BR0525"
"West Bengal","Cold Storage","Kolkata Cold Agencies","Kolkata","WB0526"
"Odisha","Agro Processing","Cuttack Agro Mills","Cuttack","OD0527"
"Chhattisgarh","Flour Mill","Durg Flour Products","Durg","CG0528"
"Tamil Nadu","Spice Processing","Vellore Spice FarmTech","Vellore","TN0529"
"Karnataka","Fruit Processing","Mysore Fruit Agri Unit","Mysore","KA0530"
"Kerala","Rice Mill","Kozhikode Rice Industries","Kozhikode","KL0531"
"Andhra Pradesh","Sugar Mill","Nellore Sugar Processors","Nellore","AP0532"
"Telangana","Food Processing","Karimnagar Food Enterprises","Karimnagar","TS0533"
"Maharashtra","Dairy Plant","Nagpur Dairy Foods","Nagpur","MH0534"
"Gujarat","Oil Mill","Ahmedabad Oil Agro Works","Ahmedabad","GJ0535"
"Punjab","Cold Storage","Ludhiana Cold Agencies","Ludhiana","PB0536"
"Haryana","Agro Processing","Hisar Agro Mills","Hisar","HR0537"
"Uttar Pradesh","Flour Mill","Bareilly Flour Products","Bareilly","UP0538"
"Rajasthan","Spice Processing","Bikaner Spice FarmTech","Bikaner","RJ0539"
"Madhya Pradesh","Fruit Processing","Sagar Fruit Agri Unit","Sagar","MP0540"
"Bihar","Rice Mill","Patna Rice Industries","Patna","BR0541"
"West Bengal","Sugar Mill","Siliguri Sugar Processors","Siliguri","WB0542"
"Odisha","Food Processing","Sambalpur Food Enterprises","Sambalpur","OD0543"
"Chhattisgarh","Dairy Plant","Korba Dairy Foods","Korba","CG0544"
"Tamil Nadu","Oil Mill","Erode Oil Agro Works","Erode","TN0545"
"Karnataka","Cold Storage","Mysore Cold Agencies","Mysore","KA0546"
"Kerala","Agro Processing","Kochi Agro Mills","Kochi","KL0547"
"Andhra Pradesh","Flour Mill","Guntur Flour Products","Guntur","AP0548"
"Telangana","Spice Processing","Nizamabad Spice FarmTech","Nizamabad","TS0549"
"Maharashtra","Fruit Processing","Kolhapur Fruit Agri Unit","Kolhapur","MH0550"
"Gujarat","Rice Mill","Bhavnagar Rice Industries","Bhavnagar","GJ0551"
"Punjab","Sugar Mill","Amritsar Sugar Processors","Amritsar","PB0552"
"Haryana","Food Processing","Panipat Food Enterprises","Panipat","HR0553"
"Uttar Pradesh","Dairy Plant","Kanpur Dairy Foods","Kanpur","UP0554"
"Rajasthan","Oil Mill","Udaipur Oil Agro Works","Udaipur","RJ0555"
"Madhya Pradesh","Cold Storage","Gwalior Cold Agencies","Gwalior","MP0556"
"Bihar","Agro Processing","Muzaffarpur Agro Mills","Muzaffarpur","BR0557"
"West Bengal","Flour Mill","Durgapur Flour Products","Durgapur","WB0558"
"Odisha","Spice Processing","Rourkela Spice FarmTech","Rourkela","OD0559"
"Chhattisgarh","Fruit Processing","Rajnandgaon Fruit Agri Unit","Rajnandgaon","CG0560"
"Tamil Nadu","Rice Mill","Chennai Rice Industries","Chennai","TN0561"
"Karnataka","Sugar Mill","Mysore Sugar Processors","Mysore","KA0562"
"Kerala","Food Processing","Kannur Food Enterprises","Kannur","KL0563"
"Andhra Pradesh","Dairy Plant","Tirupati Dairy Foods","Tirupati","AP0564"
"Telangana","Oil Mill","Khammam Oil Agro Works","Khammam","TS0565"
"Maharashtra","Cold Storage","Solapur Cold Agencies","Solapur","MH0566"
"Gujarat","Agro Processing","Rajkot Agro Mills","Rajkot","GJ0567"
"Punjab","Flour Mill","Jalandhar Flour Products","Jalandhar","PB0568"
"Haryana","Spice Processing","Rohtak Spice FarmTech","Rohtak","HR0569"
"Uttar Pradesh","Fruit Processing","Agra Fruit Agri Unit","Agra","UP0570"
"Rajasthan","Rice Mill","Jaipur Rice Industries","Jaipur","RJ0571"
"Madhya Pradesh","Sugar Mill","Bhopal Sugar Processors","Bhopal","MP0572"
"Bihar","Food Processing","Bhagalpur Food Enterprises","Bhagalpur","BR0573"
"West Bengal","Dairy Plant","Malda Dairy Foods","Malda","WB0574"
"Odisha","Oil Mill","Balasore Oil Agro Works","Balasore","OD0575"
"Chhattisgarh","Cold Storage","Raipur Cold Agencies","Raipur","CG0576"
"Tamil Nadu","Agro Processing","Tiruppur Agro Mills","Tiruppur","TN0577"
"Karnataka","Flour Mill","Mysore Flour Products","Mysore","KA0578"
"Kerala","Spice Processing","Kozhikode Spice FarmTech","Kozhikode","KL0579"
"Andhra Pradesh","Fruit Processing","Nellore Fruit Agri Unit","Nellore","AP0580"
"Telangana","Rice Mill","Hyderabad Rice Industries","Hyderabad","TS0581"
"Maharashtra","Sugar Mill","Pune Sugar Processors","Pune","MH0582"
"Gujarat","Food Processing","Ahmedabad Food Enterprises","Ahmedabad","GJ0583"
"Punjab","Dairy Plant","Patiala Dairy Foods","Patiala","PB0584"
"Haryana","Oil Mill","Ambala Oil Agro Works","Ambala","HR0585"
"Uttar Pradesh","Cold Storage","Varanasi Cold Agencies","Varanasi","UP0586"
"Rajasthan","Agro Processing","Bikaner Agro Mills","Bikaner","RJ0587"
"Madhya Pradesh","Flour Mill","Sagar Flour Products","Sagar","MP0588"
"Bihar","Spice Processing","Gaya Spice FarmTech","Gaya","BR0589"
"West Bengal","Fruit Processing","Howrah Fruit Agri Unit","Howrah","WB0590"
"Odisha","Rice Mill","Bhubaneswar Rice Industries","Bhubaneswar","OD0591"
"Chhattisgarh","Sugar Mill","Bilaspur Sugar Processors","Bilaspur","CG0592"
"Tamil Nadu","Food Processing","Madurai Food Enterprises","Madurai","TN0593"
"Karnataka","Dairy Plant","Mysore Dairy Foods","Mysore","KA0594"
"Kerala","Oil Mill","Kochi Oil Agro Works","Kochi","KL0595"
"Andhra Pradesh","Cold Storage","Guntur Cold Agencies","Guntur","AP0596"
"Telangana","Agro Processing","Warangal Agro Mills","Warangal","TS0597"
"Maharashtra","Flour Mill","Nashik Flour Products","Nashik","MH0598"
"Gujarat","Spice Processing","Bhavnagar Spice FarmTech","Bhavnagar","GJ0599"
"Punjab","Fruit Processing","Bathinda Fruit Agri Unit","Bathinda","PB0600"
"Haryana","Rice Mill","Karnal Rice Industries","Karnal","HR0601"
"Uttar Pradesh","Sugar Mill","Gorakhpur Sugar Processors","Gorakhpur","UP0602"
"Rajasthan","Food Processing","Udaipur Food Enterprises","Udaipur","RJ0603"
"Madhya Pradesh","Dairy Plant","Gwalior Dairy Foods","Gwalior","MP0604"
"Bihar","Oil Mill","Purnia Oil Agro Works","Purnia","BR0605"
"West Bengal","Cold Storage","Kolkata Cold Agencies","Kolkata","WB0606"
"Odisha","Agro Processing","Cuttack Agro Mills","Cuttack","OD0607"
"Chhattisgarh","Flour Mill","Durg Flour Products","Durg","CG0608"
"Tamil Nadu","Spice Processing","Vellore Spice FarmTech","Vellore","TN0609"
"Karnataka","Fruit Processing","Mysore Fruit Agri Unit","Mysore","KA0610"
"Kerala","Rice Mill","Kannur Rice Industries","Kannur","KL0611"
"Andhra Pradesh","Sugar Mill","Tirupati Sugar Processors","Tirupati","AP0612"
"Telangana","Food Processing","Karimnagar Food Enterprises","Karimnagar","TS0613"
"Maharashtra","Dairy Plant","Aurangabad Dairy Foods","Aurangabad","MH0614"
"Gujarat","Oil Mill","Rajkot Oil Agro Works","Rajkot","GJ0615"
"Punjab","Cold Storage","Ludhiana Cold Agencies","Ludhiana","PB0616"
"Haryana","Agro Processing","Hisar Agro Mills","Hisar","HR0617"
"Uttar Pradesh","Flour Mill","Lucknow Flour Products","Lucknow","UP0618"
"Rajasthan","Spice Processing","Jaipur Spice FarmTech","Jaipur","RJ0619"
"Madhya Pradesh","Fruit Processing","Bhopal Fruit Agri Unit","Bhopal","MP0620"
"Bihar","Rice Mill","Patna Rice Industries","Patna","BR0621"
"West Bengal","Sugar Mill","Siliguri Sugar Processors","Siliguri","WB0622"
"Odisha","Food Processing","Sambalpur Food Enterprises","Sambalpur","OD0623"
"Chhattisgarh","Dairy Plant","Korba Dairy Foods","Korba","CG0624"
"Tamil Nadu","Oil Mill","Erode Oil Agro Works","Erode","TN0625"
"Karnataka","Cold Storage","Mysore Cold Agencies","Mysore","KA0626"
"Kerala","Agro Processing","Kozhikode Agro Mills","Kozhikode","KL0627"
"Andhra Pradesh","Flour Mill","Nellore Flour Products","Nellore","AP0628"
"Telangana","Spice Processing","Nizamabad Spice FarmTech","Nizamabad","TS0629"
"Maharashtra","Fruit Processing","Amravati Fruit Agri Unit","Amravati","MH0630"
"Gujarat","Rice Mill","Ahmedabad Rice Industries","Ahmedabad","GJ0631"
"Punjab","Sugar Mill","Amritsar Sugar Processors","Amritsar","PB0632"
"Haryana","Food Processing","Panipat Food Enterprises","Panipat","HR0633"
"Uttar Pradesh","Dairy Plant","Meerut Dairy Foods","Meerut","UP0634"
"Rajasthan","Oil Mill","Bikaner Oil Agro Works","Bikaner","RJ0635"
"Madhya Pradesh","Cold Storage","Sagar Cold Agencies","Sagar","MP0636"
"Bihar","Agro Processing","Muzaffarpur Agro Mills","Muzaffarpur","BR0637"
"West Bengal","Flour Mill","Durgapur Flour Products","Durgapur","WB0638"
"Odisha","Spice Processing","Rourkela Spice FarmTech","Rourkela","OD0639"
"Chhattisgarh","Fruit Processing","Rajnandgaon Fruit Agri Unit","Rajnandgaon","CG0640"
"Tamil Nadu","Rice Mill","Chennai Rice Industries","Chennai","TN0641"
"Karnataka","Sugar Mill","Mysore Sugar Processors","Mysore","KA0642"
"Kerala","Food Processing","Kochi Food Enterprises","Kochi","KL0643"
"Andhra Pradesh","Dairy Plant","Guntur Dairy Foods","Guntur","AP0644"
"Telangana","Oil Mill","Khammam Oil Agro Works","Khammam","TS0645"
"Maharashtra","Cold Storage","Nagpur Cold Agencies","Nagpur","MH0646"
"Gujarat","Agro Processing","Bhavnagar Agro Mills","Bhavnagar","GJ0647"
"Punjab","Flour Mill","Jalandhar Flour Products","Jalandhar","PB0648"
"Haryana","Spice Processing","Rohtak Spice FarmTech","Rohtak","HR0649"
"Uttar Pradesh","Fruit Processing","Bareilly Fruit Agri Unit","Bareilly","UP0650"
"Rajasthan","Rice Mill","Udaipur Rice Industries","Udaipur","RJ0651"
"Madhya Pradesh","Sugar Mill","Gwalior Sugar Processors","Gwalior","MP0652"
"Bihar","Food Processing","Bhagalpur Food Enterprises","Bhagalpur","BR0653"
"West Bengal","Dairy Plant","Malda Dairy Foods","Malda","WB0654"
"Odisha","Oil Mill","Balasore Oil Agro Works","Balasore","OD0655"
"Chhattisgarh","Cold Storage","Raipur Cold Agencies","Raipur","CG0656"
"Tamil Nadu","Agro Processing","Tiruppur Agro Mills","Tiruppur","TN0657"
"Karnataka","Flour Mill","Mysore Flour Products","Mysore","KA0658"
"Kerala","Spice Processing","Kannur Spice FarmTech","Kannur","KL0659"
"Andhra Pradesh","Fruit Processing","Tirupati Fruit Agri Unit","Tirupati","AP0660"
"Telangana","Rice Mill","Hyderabad Rice Industries","Hyderabad","TS0661"
"Maharashtra","Sugar Mill","Kolhapur Sugar Processors","Kolhapur","MH0662"
"Gujarat","Food Processing","Rajkot Food Enterprises","Rajkot","GJ0663"
"Punjab","Dairy Plant","Patiala Dairy Foods","Patiala","PB0664"
"Haryana","Oil Mill","Ambala Oil Agro Works","Ambala","HR0665"
"Uttar Pradesh","Cold Storage","Kanpur Cold Agencies","Kanpur","UP0666"
"Rajasthan","Agro Processing","Jaipur Agro Mills","Jaipur","RJ0667"
"Madhya Pradesh","Flour Mill","Bhopal Flour Products","Bhopal","MP0668"
"Bihar","Spice Processing","Gaya Spice FarmTech","Gaya","BR0669"
"West Bengal","Fruit Processing","Howrah Fruit Agri Unit","Howrah","WB0670"
"Odisha","Rice Mill","Bhubaneswar Rice Industries","Bhubaneswar","OD0671"
"Chhattisgarh","Sugar Mill","Bilaspur Sugar Processors","Bilaspur","CG0672"
"Tamil Nadu","Food Processing","Madurai Food Enterprises","Madurai","TN0673"
"Karnataka","Dairy Plant","Mysore Dairy Foods","Mysore","KA0674"
"Kerala","Oil Mill","Kozhikode Oil Agro Works","Kozhikode","KL0675"
"Andhra Pradesh","Cold Storage","Nellore Cold Agencies","Nellore","AP0676"
"Telangana","Agro Processing","Warangal Agro Mills","Warangal","TS0677"
"Maharashtra","Flour Mill","Solapur Flour Products","Solapur","MH0678"
"Gujarat","Spice Processing","Ahmedabad Spice FarmTech","Ahmedabad","GJ0679"
"Punjab","Fruit Processing","Bathinda Fruit Agri Unit","Bathinda","PB0680"
"Haryana","Rice Mill","Karnal Rice Industries","Karnal","HR0681"
"Uttar Pradesh","Sugar Mill","Agra Sugar Processors","Agra","UP0682"
"Rajasthan","Food Processing","Bikaner Food Enterprises","Bikaner","RJ0683"
"Madhya Pradesh","Dairy Plant","Sagar Dairy Foods","Sagar","MP0684"
"Bihar","Oil Mill","Purnia Oil Agro Works","Purnia","BR0685"
"West Bengal","Cold Storage","Kolkata Cold Agencies","Kolkata","WB0686"
"Odisha","Agro Processing","Cuttack Agro Mills","Cuttack","OD0687"
"Chhattisgarh","Flour Mill","Durg Flour Products","Durg","CG0688"
"Tamil Nadu","Spice Processing","Vellore Spice FarmTech","Vellore","TN0689"
"Karnataka","Fruit Processing","Mysore Fruit Agri Unit","Mysore","KA0690"
"Kerala","Rice Mill","Kochi Rice Industries","Kochi","KL0691"
"Andhra Pradesh","Sugar Mill","Guntur Sugar Processors","Guntur","AP0692"
"Telangana","Food Processing","Karimnagar Food Enterprises","Karimnagar","TS0693"
"Maharashtra","Dairy Plant","Pune Dairy Foods","Pune","MH0694"
"Gujarat","Oil Mill","Bhavnagar Oil Agro Works","Bhavnagar","GJ0695"
"Punjab","Cold Storage","Ludhiana Cold Agencies","Ludhiana","PB0696"
"Haryana","Agro Processing","Hisar Agro Mills","Hisar","HR0697"
"Uttar Pradesh","Flour Mill","Varanasi Flour Products","Varanasi","UP0698"
"Rajasthan","Spice Processing","Udaipur Spice FarmTech","Udaipur","RJ0699"
"Madhya Pradesh","Fruit Processing","Gwalior Fruit Agri Unit","Gwalior","MP0700"
"Bihar","Rice Mill","Patna Rice Industries","Patna","BR0701"
"West Bengal","Sugar Mill","Siliguri Sugar Processors","Siliguri","WB0702"
"Odisha","Food Processing","Sambalpur Food Enterprises","Sambalpur","OD0703"
"Chhattisgarh","Dairy Plant","Korba Dairy Foods","Korba","CG0704"
"Tamil Nadu","Oil Mill","Erode Oil Agro Works","Erode","TN0705"
"Karnataka","Cold Storage","Mysore Cold Agencies","Mysore","KA0706"
"Kerala","Agro Processing","Kannur Agro Mills","Kannur","KL0707"
"Andhra Pradesh","Flour Mill","Tirupati Flour Products","Tirupati","AP0708"
"Telangana","Spice Processing","Nizamabad Spice FarmTech","Nizamabad","TS0709"
"Maharashtra","Fruit Processing","Nashik Fruit Agri Unit","Nashik","MH0710"
"Gujarat","Rice Mill","Rajkot Rice Industries","Rajkot","GJ0711"
"Punjab","Sugar Mill","Amritsar Sugar Processors","Amritsar","PB0712"
"Haryana","Food Processing","Panipat Food Enterprises","Panipat","HR0713"
"Uttar Pradesh","Dairy Plant","Gorakhpur Dairy Foods","Gorakhpur","UP0714"
"Rajasthan","Oil Mill","Jaipur Oil Agro Works","Jaipur","RJ0715"
"Madhya Pradesh","Cold Storage","Bhopal Cold Agencies","Bhopal","MP0716"
"Bihar","Agro Processing","Muzaffarpur Agro Mills","Muzaffarpur","BR0717"
"West Bengal","Flour Mill","Durgapur Flour Products","Durgapur","WB0718"
"Odisha","Spice Processing","Rourkela Spice FarmTech","Rourkela","OD0719"
"Chhattisgarh","Fruit Processing","Rajnandgaon Fruit Agri Unit","Rajnandgaon","CG0720"
"Tamil Nadu","Rice Mill","Chennai Rice Industries","Chennai","TN0721"
"Karnataka","Sugar Mill","Mysore Sugar Processors","Mysore","KA0722"
"Kerala","Food Processing","Kozhikode Food Enterprises","Kozhikode","KL0723"
"Andhra Pradesh","Dairy Plant","Nellore Dairy Foods","Nellore","AP0724"
"Telangana","Oil Mill","Khammam Oil Agro Works","Khammam","TS0725"
"Maharashtra","Cold Storage","Aurangabad Cold Agencies","Aurangabad","MH0726"
"Gujarat","Agro Processing","Ahmedabad Agro Mills","Ahmedabad","GJ0727"
"Punjab","Flour Mill","Jalandhar Flour Products","Jalandhar","PB0728"
"Haryana","Spice Processing","Rohtak Spice FarmTech","Rohtak","HR0729"
"Uttar Pradesh","Fruit Processing","Lucknow Fruit Agri Unit","Lucknow","UP0730"
"Rajasthan","Rice Mill","Bikaner Rice Industries","Bikaner","RJ0731"
"Madhya Pradesh","Sugar Mill","Sagar Sugar Processors","Sagar","MP0732"
"Bihar","Food Processing","Bhagalpur Food Enterprises","Bhagalpur","BR0733"
"West Bengal","Dairy Plant","Malda Dairy Foods","Malda","WB0734"
"Odisha","Oil Mill","Balasore Oil Agro Works","Balasore","OD0735"
"Chhattisgarh","Cold Storage","Raipur Cold Agencies","Raipur","CG0736"
"Tamil Nadu","Agro Processing","Tiruppur Agro Mills","Tiruppur","TN0737"
"Karnataka","Flour Mill","Mysore Flour Products","Mysore","KA0738"
"Kerala","Spice Processing","Kochi Spice FarmTech","Kochi","KL0739"
"Andhra Pradesh","Fruit Processing","Guntur Fruit Agri Unit","Guntur","AP0740"
"Telangana","Rice Mill","Hyderabad Rice Industries","Hyderabad","TS0741"
"Maharashtra","Sugar Mill","Amravati Sugar Processors","Amravati","MH0742"
"Gujarat","Food Processing","Bhavnagar Food Enterprises","Bhavnagar","GJ0743"
"Punjab","Dairy Plant","Patiala Dairy Foods","Patiala","PB0744"
"Haryana","Oil Mill","Ambala Oil Agro Works","Ambala","HR0745"
"Uttar Pradesh","Cold Storage","Meerut Cold Agencies","Meerut","UP0746"
"Rajasthan","Agro Processing","Udaipur Agro Mills","Udaipur","RJ0747"
"Madhya Pradesh","Flour Mill","Gwalior Flour Products","Gwalior","MP0748"
"Bihar","Spice Processing","Gaya Spice FarmTech","Gaya","BR0749"
"West Bengal","Fruit Processing","Howrah Fruit Agri Unit","Howrah","WB0750"
"Odisha","Rice Mill","Bhubaneswar Rice Industries","Bhubaneswar","OD0751"
"Chhattisgarh","Sugar Mill","Bilaspur Sugar Processors","Bilaspur","CG0752"
"Tamil Nadu","Food Processing","Madurai Food Enterprises","Madurai","TN0753"
"Karnataka","Dairy Plant","Mysore Dairy Foods","Mysore","KA0754"
"Kerala","Oil Mill","Kannur Oil Agro Works","Kannur","KL0755"
"Andhra Pradesh","Cold Storage","Tirupati Cold Agencies","Tirupati","AP0756"
"Telangana","Agro Processing","Warangal Agro Mills","Warangal","TS0757"
"Maharashtra","Flour Mill","Nagpur Flour Products","Nagpur","MH0758"
"Gujarat","Spice Processing","Rajkot Spice FarmTech","Rajkot","GJ0759"
"Punjab","Fruit Processing","Bathinda Fruit Agri Unit","Bathinda","PB0760"
"Haryana","Rice Mill","Karnal Rice Industries","Karnal","HR0761"
"Uttar Pradesh","Sugar Mill","Bareilly Sugar Processors","Bareilly","UP0762"
"Rajasthan","Food Processing","Jaipur Food Enterprises","Jaipur","RJ0763"
"Madhya Pradesh","Dairy Plant","Bhopal Dairy Foods","Bhopal","MP0764"
"Bihar","Oil Mill","Purnia Oil Agro Works","Purnia","BR0765"
"West Bengal","Cold Storage","Kolkata Cold Agencies","Kolkata","WB0766"
"Odisha","Agro Processing","Cuttack Agro Mills","Cuttack","OD0767"
"Chhattisgarh","Flour Mill","Durg Flour Products","Durg","CG0768"
"Tamil Nadu","Spice Processing","Vellore Spice FarmTech","Vellore","TN0769"
"Karnataka","Fruit Processing","Mysore Fruit Agri Unit","Mysore","KA0770"
"Kerala","Rice Mill","Kozhikode Rice Industries","Kozhikode","KL0771"
"Andhra Pradesh","Sugar Mill","Nellore Sugar Processors","Nellore","AP0772"
"Telangana","Food Processing","Karimnagar Food Enterprises","Karimnagar","TS0773"
"Maharashtra","Dairy Plant","Kolhapur Dairy Foods","Kolhapur","MH0774"
"Gujarat","Oil Mill","Ahmedabad Oil Agro Works","Ahmedabad","GJ0775"
"Punjab","Cold Storage","Ludhiana Cold Agencies","Ludhiana","PB0776"
"Haryana","Agro Processing","Hisar Agro Mills","Hisar","HR0777"
"Uttar Pradesh","Flour Mill","Kanpur Flour Products","Kanpur","UP0778"
"Rajasthan","Spice Processing","Bikaner Spice FarmTech","Bikaner","RJ0779"
"Madhya Pradesh","Fruit Processing","Sagar Fruit Agri Unit","Sagar","MP0780"
"Bihar","Rice Mill","Patna Rice Industries","Patna","BR0781"
"West Bengal","Sugar Mill","Siliguri Sugar Processors","Siliguri","WB0782"
"Odisha","Food Processing","Sambalpur Food Enterprises","Sambalpur","OD0783"
"Chhattisgarh","Dairy Plant","Korba Dairy Foods","Korba","CG0784"
"Tamil Nadu","Oil Mill","Erode Oil Agro Works","Erode","TN0785"
"Karnataka","Cold Storage","Mysore Cold Agencies","Mysore","KA0786"
"Kerala","Agro Processing","Kochi Agro Mills","Kochi","KL0787"
"Andhra Pradesh","Flour Mill","Guntur Flour Products","Guntur","AP0788"
"Telangana","Spice Processing","Nizamabad Spice FarmTech","Nizamabad","TS0789"
"Maharashtra","Fruit Processing","Solapur Fruit Agri Unit","Solapur","MH0790"
"Gujarat","Rice Mill","Bhavnagar Rice Industries","Bhavnagar","GJ0791"
"Punjab","Sugar Mill","Amritsar Sugar Processors","Amritsar","PB0792"
"Haryana","Food Processing","Panipat Food Enterprises","Panipat","HR0793"
"Uttar Pradesh","Dairy Plant","Agra Dairy Foods","Agra","UP0794"
"Rajasthan","Oil Mill","Udaipur Oil Agro Works","Udaipur","RJ0795"
"Madhya Pradesh","Cold Storage","Gwalior Cold Agencies","Gwalior","MP0796"
"Bihar","Agro Processing","Muzaffarpur Agro Mills","Muzaffarpur","BR0797"
"West Bengal","Flour Mill","Durgapur Flour Products","Durgapur","WB0798"
"Odisha","Spice Processing","Rourkela Spice FarmTech","Rourkela","OD0799"
"Chhattisgarh","Fruit Processing","Rajnandgaon Fruit Agri Unit","Rajnandgaon","CG0800"
"Tamil Nadu","Rice Mill","Chennai Rice Industries","Chennai","TN0801"
"Karnataka","Sugar Mill","Mysore Sugar Processors","Mysore","KA0802"
"Kerala","Food Processing","Kannur Food Enterprises","Kannur","KL0803"
"Andhra Pradesh","Dairy Plant","Tirupati Dairy Foods","Tirupati","AP0804"
"Telangana","Oil Mill","Khammam Oil Agro Works","Khammam","TS0805"
"Maharashtra","Cold Storage","Pune Cold Agencies","Pune","MH0806"
"Gujarat","Agro Processing","Rajkot Agro Mills","Rajkot","GJ0807"
"Punjab","Flour Mill","Jalandhar Flour Products","Jalandhar","PB0808"
"Haryana","Spice Processing","Rohtak Spice FarmTech","Rohtak","HR0809"
"Uttar Pradesh","Fruit Processing","Varanasi Fruit Agri Unit","Varanasi","UP0810"
"Rajasthan","Rice Mill","Jaipur Rice Industries","Jaipur","RJ0811"
"Madhya Pradesh","Sugar Mill","Bhopal Sugar Processors","Bhopal","MP0812"
"Bihar","Food Processing","Bhagalpur Food Enterprises","Bhagalpur","BR0813"
"West Bengal","Dairy Plant","Malda Dairy Foods","Malda","WB0814"
"Odisha","Oil Mill","Balasore Oil Agro Works","Balasore","OD0815"
"Chhattisgarh","Cold Storage","Raipur Cold Agencies","Raipur","CG0816"
"Tamil Nadu","Agro Processing","Tiruppur Agro Mills","Tiruppur","TN0817"
"Karnataka","Flour Mill","Mysore Flour Products","Mysore","KA0818"
"Kerala","Spice Processing","Kozhikode Spice FarmTech","Kozhikode","KL0819"
"Andhra Pradesh","Fruit Processing","Nellore Fruit Agri Unit","Nellore","AP0820"
"Telangana","Rice Mill","Hyderabad Rice Industries","Hyderabad","TS0821"
"Maharashtra","Sugar Mill","Nashik Sugar Processors","Nashik","MH0822"
"Gujarat","Food Processing","Ahmedabad Food Enterprises","Ahmedabad","GJ0823"
"Punjab","Dairy Plant","Patiala Dairy Foods","Patiala","PB0824"
"Haryana","Oil Mill","Ambala Oil Agro Works","Ambala","HR0825"
"Uttar Pradesh","Cold Storage","Gorakhpur Cold Agencies","Gorakhpur","UP0826"
"Rajasthan","Agro Processing","Bikaner Agro Mills","Bikaner","RJ0827"
"Madhya Pradesh","Flour Mill","Sagar Flour Products","Sagar","MP0828"
"Bihar","Spice Processing","Gaya Spice FarmTech","Gaya","BR0829"
"West Bengal","Fruit Processing","Howrah Fruit Agri Unit","Howrah","WB0830"
"Odisha","Rice Mill","Bhubaneswar Rice Industries","Bhubaneswar","OD0831"
"Chhattisgarh","Sugar Mill","Bilaspur Sugar Processors","Bilaspur","CG0832"
"Tamil Nadu","Food Processing","Madurai Food Enterprises","Madurai","TN0833"
"Karnataka","Dairy Plant","Mysore Dairy Foods","Mysore","KA0834"
"Kerala","Oil Mill","Kochi Oil Agro Works","Kochi","KL0835"
"Andhra Pradesh","Cold Storage","Guntur Cold Agencies","Guntur","AP0836"
"Telangana","Agro Processing","Warangal Agro Mills","Warangal","TS0837"
"Maharashtra","Flour Mill","Aurangabad Flour Products","Aurangabad","MH0838"
"Gujarat","Spice Processing","Bhavnagar Spice FarmTech","Bhavnagar","GJ0839"
"Punjab","Fruit Processing","Bathinda Fruit Agri Unit","Bathinda","PB0840"
"Haryana","Rice Mill","Karnal Rice Industries","Karnal","HR0841"
"Uttar Pradesh","Sugar Mill","Lucknow Sugar Processors","Lucknow","UP0842"
"Rajasthan","Food Processing","Udaipur Food Enterprises","Udaipur","RJ0843"
"Madhya Pradesh","Dairy Plant","Gwalior Dairy Foods","Gwalior","MP0844"
"Bihar","Oil Mill","Purnia Oil Agro Works","Purnia","BR0845"
"West Bengal","Cold Storage","Kolkata Cold Agencies","Kolkata","WB0846"
"Odisha","Agro Processing","Cuttack Agro Mills","Cuttack","OD0847"
"Chhattisgarh","Flour Mill","Durg Flour Products","Durg","CG0848"
"Tamil Nadu","Spice Processing","Vellore Spice FarmTech","Vellore","TN0849"
"Karnataka","Fruit Processing","Mysore Fruit Agri Unit","Mysore","KA0850"
"Kerala","Rice Mill","Kannur Rice Industries","Kannur","KL0851"
"Andhra Pradesh","Sugar Mill","Tirupati Sugar Processors","Tirupati","AP0852"
"Telangana","Food Processing","Karimnagar Food Enterprises","Karimnagar","TS0853"
"Maharashtra","Dairy Plant","Amravati Dairy Foods","Amravati","MH0854"
"Gujarat","Oil Mill","Rajkot Oil Agro Works","Rajkot","GJ0855"
"Punjab","Cold Storage","Ludhiana Cold Agencies","Ludhiana","PB0856"
"Haryana","Agro Processing","Hisar Agro Mills","Hisar","HR0857"
"Uttar Pradesh","Flour Mill","Meerut Flour Products","Meerut","UP0858"
"Rajasthan","Spice Processing","Jaipur Spice FarmTech","Jaipur","RJ0859"
"Madhya Pradesh","Fruit Processing","Bhopal Fruit Agri Unit","Bhopal","MP0860"
"Bihar","Rice Mill","Patna Rice Industries","Patna","BR0861"
"West Bengal","Sugar Mill","Siliguri Sugar Processors","Siliguri","WB0862"
"Odisha","Food Processing","Sambalpur Food Enterprises","Sambalpur","OD0863"
"Chhattisgarh","Dairy Plant","Korba Dairy Foods","Korba","CG0864"
"Tamil Nadu","Oil Mill","Erode Oil Agro Works","Erode","TN0865"
"Karnataka","Cold Storage","Mysore Cold Agencies","Mysore","KA0866"
"Kerala","Agro Processing","Kozhikode Agro Mills","Kozhikode","KL0867"
"Andhra Pradesh","Flour Mill","Nellore Flour Products","Nellore","AP0868"
"Telangana","Spice Processing","Nizamabad Spice FarmTech","Nizamabad","TS0869"
"Maharashtra","Fruit Processing","Nagpur Fruit Agri Unit","Nagpur","MH0870"
"Gujarat","Rice Mill","Ahmedabad Rice Industries","Ahmedabad","GJ0871"
"Punjab","Sugar Mill","Amritsar Sugar Processors","Amritsar","PB0872"
"Haryana","Food Processing","Panipat Food Enterprises","Panipat","HR0873"
"Uttar Pradesh","Dairy Plant","Bareilly Dairy Foods","Bareilly","UP0874"
"Rajasthan","Oil Mill","Bikaner Oil Agro Works","Bikaner","RJ0875"
"Madhya Pradesh","Cold Storage","Sagar Cold Agencies","Sagar","MP0876"
"Bihar","Agro Processing","Muzaffarpur Agro Mills","Muzaffarpur","BR0877"
"West Bengal","Flour Mill","Durgapur Flour Products","Durgapur","WB0878"
"Odisha","Spice Processing","Rourkela Spice FarmTech","Rourkela","OD0879"
"Chhattisgarh","Fruit Processing","Rajnandgaon Fruit Agri Unit","Rajnandgaon","CG0880"
"Tamil Nadu","Rice Mill","Chennai Rice Industries","Chennai","TN0881"
"Karnataka","Sugar Mill","Mysore Sugar Processors","Mysore","KA0882"
"Kerala","Food Processing","Kochi Food Enterprises","Kochi","KL0883"
"Andhra Pradesh","Dairy Plant","Guntur Dairy Foods","Guntur","AP0884"
"Telangana","Oil Mill","Khammam Oil Agro Works","Khammam","TS0885"
"Maharashtra","Cold Storage","Kolhapur Cold Agencies","Kolhapur","MH0886"
"Gujarat","Agro Processing","Bhavnagar Agro Mills","Bhavnagar","GJ0887"
"Punjab","Flour Mill","Jalandhar Flour Products","Jalandhar","PB0888"
"Haryana","Spice Processing","Rohtak Spice FarmTech","Rohtak","HR0889"
"Uttar Pradesh","Fruit Processing","Kanpur Fruit Agri Unit","Kanpur","UP0890"
"Rajasthan","Rice Mill","Udaipur Rice Industries","Udaipur","RJ0891"
"Madhya Pradesh","Sugar Mill","Gwalior Sugar Processors","Gwalior","MP0892"
"Bihar","Food Processing","Bhagalpur Food Enterprises","Bhagalpur","BR0893"
"West Bengal","Dairy Plant","Malda Dairy Foods","Malda","WB0894"
"Odisha","Oil Mill","Balasore Oil Agro Works","Balasore","OD0895"
"Chhattisgarh","Cold Storage","Raipur Cold Agencies","Raipur","CG0896"
"Tamil Nadu","Agro Processing","Tiruppur Agro Mills","Tiruppur","TN0897"
"Karnataka","Flour Mill","Mysore Flour Products","Mysore","KA0898"
"Kerala","Spice Processing","Kannur Spice FarmTech","Kannur","KL0899"
"Andhra Pradesh","Fruit Processing","Tirupati Fruit Agri Unit","Tirupati","AP0900"
"Telangana","Rice Mill","Hyderabad Rice Industries","Hyderabad","TS0901"
"Maharashtra","Sugar Mill","Solapur Sugar Processors","Solapur","MH0902"
"Gujarat","Food Processing","Rajkot Food Enterprises","Rajkot","GJ0903"
"Punjab","Dairy Plant","Patiala Dairy Foods","Patiala","PB0904"
"Haryana","Oil Mill","Ambala Oil Agro Works","Ambala","HR0905"
"Uttar Pradesh","Cold Storage","Agra Cold Agencies","Agra","UP0906"
"Rajasthan","Agro Processing","Jaipur Agro Mills","Jaipur","RJ0907"
"Madhya Pradesh","Flour Mill","Bhopal Flour Products","Bhopal","MP0908"
"Bihar","Spice Processing","Gaya Spice FarmTech","Gaya","BR0909"
"West Bengal","Fruit Processing","Howrah Fruit Agri Unit","Howrah","WB0910"
"Odisha","Rice Mill","Bhubaneswar Rice Industries","Bhubaneswar","OD0911"
"Chhattisgarh","Sugar Mill","Bilaspur Sugar Processors","Bilaspur","CG0912"
"Tamil Nadu","Food Processing","Madurai Food Enterprises","Madurai","TN0913"
"Karnataka","Dairy Plant","Mysore Dairy Foods","Mysore","KA0914"
"Kerala","Oil Mill","Kozhikode Oil Agro Works","Kozhikode","KL0915"
"Andhra Pradesh","Cold Storage","Nellore Cold Agencies","Nellore","AP0916"
"Telangana","Agro Processing","Warangal Agro Mills","Warangal","TS0917"
"Maharashtra","Flour Mill","Pune Flour Products","Pune","MH0918"
"Gujarat","Spice Processing","Ahmedabad Spice FarmTech","Ahmedabad","GJ0919"
"Punjab","Fruit Processing","Bathinda Fruit Agri Unit","Bathinda","PB0920"
"Haryana","Rice Mill","Karnal Rice Industries","Karnal","HR0921"
"Uttar Pradesh","Sugar Mill","Varanasi Sugar Processors","Varanasi","UP0922"
"Rajasthan","Food Processing","Bikaner Food Enterprises","Bikaner","RJ0923"
"Madhya Pradesh","Dairy Plant","Sagar Dairy Foods","Sagar","MP0924"
"Bihar","Oil Mill","Purnia Oil Agro Works","Purnia","BR0925"
"West Bengal","Cold Storage","Kolkata Cold Agencies","Kolkata","WB0926"
"Odisha","Agro Processing","Cuttack Agro Mills","Cuttack","OD0927"
"Chhattisgarh","Flour Mill","Durg Flour Products","Durg","CG0928"
"Tamil Nadu","Spice Processing","Vellore Spice FarmTech","Vellore","TN0929"
"Karnataka","Fruit Processing","Mysore Fruit Agri Unit","Mysore","KA0930"
"Kerala","Rice Mill","Kochi Rice Industries","Kochi","KL0931"
"Andhra Pradesh","Sugar Mill","Guntur Sugar Processors","Guntur","AP0932"
"Telangana","Food Processing","Karimnagar Food Enterprises","Karimnagar","TS0933"
"Maharashtra","Dairy Plant","Nashik Dairy Foods","Nashik","MH0934"
"Gujarat","Oil Mill","Bhavnagar Oil Agro Works","Bhavnagar","GJ0935"
"Punjab","Cold Storage","Ludhiana Cold Agencies","Ludhiana","PB0936"
"Haryana","Agro Processing","Hisar Agro Mills","Hisar","HR0937"
"Uttar Pradesh","Flour Mill","Gorakhpur Flour Products","Gorakhpur","UP0938"
"Rajasthan","Spice Processing","Udaipur Spice FarmTech","Udaipur","RJ0939"
"Madhya Pradesh","Fruit Processing","Gwalior Fruit Agri Unit","Gwalior","MP0940"
"Bihar","Rice Mill","Patna Rice Industries","Patna","BR0941"
"West Bengal","Sugar Mill","Siliguri Sugar Processors","Siliguri","WB0942"
"Odisha","Food Processing","Sambalpur Food Enterprises","Sambalpur","OD0943"
"Chhattisgarh","Dairy Plant","Korba Dairy Foods","Korba","CG0944"
"Tamil Nadu","Oil Mill","Erode Oil Agro Works","Erode","TN0945"
"Karnataka","Cold Storage","Mysore Cold Agencies","Mysore","KA0946"
"Kerala","Agro Processing","Kannur Agro Mills","Kannur","KL0947"
"Andhra Pradesh","Flour Mill","Tirupati Flour Products","Tirupati","AP0948"
"Telangana","Spice Processing","Nizamabad Spice FarmTech","Nizamabad","TS0949"
"Maharashtra","Fruit Processing","Aurangabad Fruit Agri Unit","Aurangabad","MH0950"
"Gujarat","Rice Mill","Rajkot Rice Industries","Rajkot","GJ0951"
"Punjab","Sugar Mill","Amritsar Sugar Processors","Amritsar","PB0952"
"Haryana","Food Processing","Panipat Food Enterprises","Panipat","HR0953"
"Uttar Pradesh","Dairy Plant","Lucknow Dairy Foods","Lucknow","UP0954"
"Rajasthan","Oil Mill","Jaipur Oil Agro Works","Jaipur","RJ0955"
"Madhya Pradesh","Cold Storage","Bhopal Cold Agencies","Bhopal","MP0956"
"Bihar","Agro Processing","Muzaffarpur Agro Mills","Muzaffarpur","BR0957"
"West Bengal","Flour Mill","Durgapur Flour Products","Durgapur","WB0958"
"Odisha","Spice Processing","Rourkela Spice FarmTech","Rourkela","OD0959"
"Chhattisgarh","Fruit Processing","Rajnandgaon Fruit Agri Unit","Rajnandgaon","CG0960"
"Tamil Nadu","Rice Mill","Chennai Rice Industries","Chennai","TN0961"
"Karnataka","Sugar Mill","Mysore Sugar Processors","Mysore","KA0962"
"Kerala","Food Processing","Kozhikode Food Enterprises","Kozhikode","KL0963"
"Andhra Pradesh","Dairy Plant","Nellore Dairy Foods","Nellore","AP0964"
"Telangana","Oil Mill","Khammam Oil Agro Works","Khammam","TS0965"
"Maharashtra","Cold Storage","Amravati Cold Agencies","Amravati","MH0966"
"Gujarat","Agro Processing","Ahmedabad Agro Mills","Ahmedabad","GJ0967"
"Punjab","Flour Mill","Jalandhar Flour Products","Jalandhar","PB0968"
"Haryana","Spice Processing","Rohtak Spice FarmTech","Rohtak","HR0969"
"Uttar Pradesh","Fruit Processing","Meerut Fruit Agri Unit","Meerut","UP0970"
"Rajasthan","Rice Mill","Bikaner Rice Industries","Bikaner","RJ0971"
"Madhya Pradesh","Sugar Mill","Sagar Sugar Processors","Sagar","MP0972"
"Bihar","Food Processing","Bhagalpur Food Enterprises","Bhagalpur","BR0973"
"West Bengal","Dairy Plant","Malda Dairy Foods","Malda","WB0974"
"Odisha","Oil Mill","Balasore Oil Agro Works","Balasore","OD0975"
"Chhattisgarh","Cold Storage","Raipur Cold Agencies","Raipur","CG0976"
"Tamil Nadu","Agro Processing","Tiruppur Agro Mills","Tiruppur","TN0977"
"Karnataka","Flour Mill","Mysore Flour Products","Mysore","KA0978"
"Kerala","Spice Processing","Kochi Spice FarmTech","Kochi","KL0979"
"Andhra Pradesh","Fruit Processing","Guntur Fruit Agri Unit","Guntur","AP0980"
"Telangana","Rice Mill","Hyderabad Rice Industries","Hyderabad","TS0981"
"Maharashtra","Sugar Mill","Nagpur Sugar Processors","Nagpur","MH0982"
"Gujarat","Food Processing","Bhavnagar Food Enterprises","Bhavnagar","GJ0983"
"Punjab","Dairy Plant","Patiala Dairy Foods","Patiala","PB0984"
"Haryana","Oil Mill","Ambala Oil Agro Works","Ambala","HR0985"
"Uttar Pradesh","Cold Storage","Bareilly Cold Agencies","Bareilly","UP0986"
"Rajasthan","Agro Processing","Udaipur Agro Mills","Udaipur","RJ0987"
"Madhya Pradesh","Flour Mill","Gwalior Flour Products","Gwalior","MP0988"
"Bihar","Spice Processing","Gaya Spice FarmTech","Gaya","BR0989"
"West Bengal","Fruit Processing","Howrah Fruit Agri Unit","Howrah","WB0990"
"Odisha","Rice Mill","Bhubaneswar Rice Industries","Bhubaneswar","OD0991"
"Chhattisgarh","Sugar Mill","Bilaspur Sugar Processors","Bilaspur","CG0992"
"Tamil Nadu","Food Processing","Madurai Food Enterprises","Madurai","TN0993"
"Karnataka","Dairy Plant","Mysore Dairy Foods","Mysore","KA0994"
"Kerala","Oil Mill","Kannur Oil Agro Works","Kannur","KL0995"
"Andhra Pradesh","Cold Storage","Tirupati Cold Agencies","Tirupati","AP0996"
"Telangana","Agro Processing","Warangal Agro Mills","Warangal","TS0997"
"Maharashtra","Flour Mill","Kolhapur Flour Products","Kolhapur","MH0998"
"Gujarat","Spice Processing","Rajkot Spice FarmTech","Rajkot","GJ0999"
"Punjab","Fruit Processing","Bathinda Fruit Agri Unit","Bathinda","PB1000"
"Haryana","Rice Mill","Karnal Rice Industries","Karnal","HR1001"
"Uttar Pradesh","Sugar Mill","Kanpur Sugar Processors","Kanpur","UP1002"
"Rajasthan","Food Processing","Jaipur Food Enterprises","Jaipur","RJ1003"
"Madhya Pradesh","Dairy Plant","Bhopal Dairy Foods","Bhopal","MP1004"
"Bihar","Oil Mill","Purnia Oil Agro Works","Purnia","BR1005"
"West Bengal","Cold Storage","Kolkata Cold Agencies","Kolkata","WB1006"
"Odisha","Agro Processing","Cuttack Agro Mills","Cuttack","OD1007"
"Chhattisgarh","Flour Mill","Durg Flour Products","Durg","CG1008"
"Tamil Nadu","Spice Processing","Vellore Spice FarmTech","Vellore","TN1009"
"Karnataka","Fruit Processing","Mysore Fruit Agri Unit","Mysore","KA1010"
"Kerala","Rice Mill","Kozhikode Rice Industries","Kozhikode","KL1011"
"Andhra Pradesh","Sugar Mill","Nellore Sugar Processors","Nellore","AP1012"
"Telangana","Food Processing","Karimnagar Food Enterprises","Karimnagar","TS1013"
"Maharashtra","Dairy Plant","Solapur Dairy Foods","Solapur","MH1014"
"Gujarat","Oil Mill","Ahmedabad Oil Agro Works","Ahmedabad","GJ1015"
"Punjab","Cold Storage","Ludhiana Cold Agencies","Ludhiana","PB1016"
"Haryana","Agro Processing","Hisar Agro Mills","Hisar","HR1017"
"Uttar Pradesh","Flour Mill","Agra Flour Products","Agra","UP1018"
"Rajasthan","Spice Processing","Bikaner Spice FarmTech","Bikaner","RJ1019"
"Madhya Pradesh","Fruit Processing","Sagar Fruit Agri Unit","Sagar","MP1020"
"Bihar","Rice Mill","Patna Rice Industries","Patna","BR1021"
"West Bengal","Sugar Mill","Siliguri Sugar Processors","Siliguri","WB1022"
"Odisha","Food Processing","Sambalpur Food Enterprises","Sambalpur","OD1023"
"Chhattisgarh","Dairy Plant","Korba Dairy Foods","Korba","CG1024"
"Tamil Nadu","Oil Mill","Erode Oil Agro Works","Erode","TN1025"
"Karnataka","Cold Storage","Mysore Cold Agencies","Mysore","KA1026"
"Kerala","Agro Processing","Kochi Agro Mills","Kochi","KL1027"
"Andhra Pradesh","Flour Mill","Guntur Flour Products","Guntur","AP1028"
"Telangana","Spice Processing","Nizamabad Spice FarmTech","Nizamabad","TS1029"
"Maharashtra","Fruit Processing","Pune Fruit Agri Unit","Pune","MH1030"
"Gujarat","Rice Mill","Bhavnagar Rice Industries","Bhavnagar","GJ1031"
"Punjab","Sugar Mill","Amritsar Sugar Processors","Amritsar","PB1032"
"Haryana","Food Processing","Panipat Food Enterprises","Panipat","HR1033"
"Uttar Pradesh","Dairy Plant","Varanasi Dairy Foods","Varanasi","UP1034"
"Rajasthan","Oil Mill","Udaipur Oil Agro Works","Udaipur","RJ1035"
"Madhya Pradesh","Cold Storage","Gwalior Cold Agencies","Gwalior","MP1036"
"Bihar","Agro Processing","Muzaffarpur Agro Mills","Muzaffarpur","BR1037"
"West Bengal","Flour Mill","Durgapur Flour Products","Durgapur","WB1038"
"Odisha","Spice Processing","Rourkela Spice FarmTech","Rourkela","OD1039"
"Chhattisgarh","Fruit Processing","Rajnandgaon Fruit Agri Unit","Rajnandgaon","CG1040"
"Tamil Nadu","Rice Mill","Chennai Rice Industries","Chennai","TN1041"
"Karnataka","Sugar Mill","Mysore Sugar Processors","Mysore","KA1042"
"Kerala","Food Processing","Kannur Food Enterprises","Kannur","KL1043"
"Andhra Pradesh","Dairy Plant","Tirupati Dairy Foods","Tirupati","AP1044"
"Telangana","Oil Mill","Khammam Oil Agro Works","Khammam","TS1045"
"Maharashtra","Cold Storage","Nashik Cold Agencies","Nashik","MH1046"
"Gujarat","Agro Processing","Rajkot Agro Mills","Rajkot","GJ1047"
"Punjab","Flour Mill","Jalandhar Flour Products","Jalandhar","PB1048"
"Haryana","Spice Processing","Rohtak Spice FarmTech","Rohtak","HR1049"
"Uttar Pradesh","Fruit Processing","Gorakhpur Fruit Agri Unit","Gorakhpur","UP1050"
"Rajasthan","Rice Mill","Jaipur Rice Industries","Jaipur","RJ1051"
"Madhya Pradesh","Sugar Mill","Bhopal Sugar Processors","Bhopal","MP1052"
"Bihar","Food Processing","Bhagalpur Food Enterprises","Bhagalpur","BR1053"
"West Bengal","Dairy Plant","Malda Dairy Foods","Malda","WB1054"
"Odisha","Oil Mill","Balasore Oil Agro Works","Balasore","OD1055"
"Chhattisgarh","Cold Storage","Raipur Cold Agencies","Raipur","CG1056"
"Tamil Nadu","Agro Processing","Tiruppur Agro Mills","Tiruppur","TN1057"
"Karnataka","Flour Mill","Mysore Flour Products","Mysore","KA1058"
"Kerala","Spice Processing","Kozhikode Spice FarmTech","Kozhikode","KL1059"
"Andhra Pradesh","Fruit Processing","Nellore Fruit Agri Unit","Nellore","AP1060"
"Telangana","Rice Mill","Hyderabad Rice Industries","Hyderabad","TS1061"
"Maharashtra","Sugar Mill","Aurangabad Sugar Processors","Aurangabad","MH1062"
"Gujarat","Food Processing","Ahmedabad Food Enterprises","Ahmedabad","GJ1063"
"Punjab","Dairy Plant","Patiala Dairy Foods","Patiala","PB1064"
"Haryana","Oil Mill","Ambala Oil Agro Works","Ambala","HR1065"
"Uttar Pradesh","Cold Storage","Lucknow Cold Agencies","Lucknow","UP1066"
"Rajasthan","Agro Processing","Bikaner Agro Mills","Bikaner","RJ1067"
"Madhya Pradesh","Flour Mill","Sagar Flour Products","Sagar","MP1068"
"Bihar","Spice Processing","Gaya Spice FarmTech","Gaya","BR1069"
"West Bengal","Fruit Processing","Howrah Fruit Agri Unit","Howrah","WB1070"
"Odisha","Rice Mill","Bhubaneswar Rice Industries","Bhubaneswar","OD1071"
"Chhattisgarh","Sugar Mill","Bilaspur Sugar Processors","Bilaspur","CG1072"
"Tamil Nadu","Food Processing","Madurai Food Enterprises","Madurai","TN1073"
"Karnataka","Dairy Plant","Mysore Dairy Foods","Mysore","KA1074"
"Kerala","Oil Mill","Kochi Oil Agro Works","Kochi","KL1075"
"Andhra Pradesh","Cold Storage","Guntur Cold Agencies","Guntur","AP1076"
"Telangana","Agro Processing","Warangal Agro Mills","Warangal","TS1077"
"Maharashtra","Flour Mill","Amravati Flour Products","Amravati","MH1078"
"Gujarat","Spice Processing","Bhavnagar Spice FarmTech","Bhavnagar","GJ1079"
"Punjab","Fruit Processing","Bathinda Fruit Agri Unit","Bathinda","PB1080"
"Haryana","Rice Mill","Karnal Rice Industries","Karnal","HR1081"
"Uttar Pradesh","Sugar Mill","Meerut Sugar Processors","Meerut","UP1082"
"Rajasthan","Food Processing","Udaipur Food Enterprises","Udaipur","RJ1083"
"Madhya Pradesh","Dairy Plant","Gwalior Dairy Foods","Gwalior","MP1084"
"Bihar","Oil Mill","Purnia Oil Agro Works","Purnia","BR1085"
"West Bengal","Cold Storage","Kolkata Cold Agencies","Kolkata","WB1086"
"Odisha","Agro Processing","Cuttack Agro Mills","Cuttack","OD1087"
"Chhattisgarh","Flour Mill","Durg Flour Products","Durg","CG1088"
"Tamil Nadu","Spice Processing","Vellore Spice FarmTech","Vellore","TN1089"
"Karnataka","Fruit Processing","Mysore Fruit Agri Unit","Mysore","KA1090"
"Kerala","Rice Mill","Kannur Rice Industries","Kannur","KL1091"
"Andhra Pradesh","Sugar Mill","Tirupati Sugar Processors","Tirupati","AP1092"
"Telangana","Food Processing","Karimnagar Food Enterprises","Karimnagar","TS1093"
"Maharashtra","Dairy Plant","Nagpur Dairy Foods","Nagpur","MH1094"
"Gujarat","Oil Mill","Rajkot Oil Agro Works","Rajkot","GJ1095"
"Punjab","Cold Storage","Ludhiana Cold Agencies","Ludhiana","PB1096"
"Haryana","Agro Processing","Hisar Agro Mills","Hisar","HR1097"
"Uttar Pradesh","Flour Mill","Bareilly Flour Products","Bareilly","UP1098"
"Rajasthan","Spice Processing","Jaipur Spice FarmTech","Jaipur","RJ1099"
"Madhya Pradesh","Fruit Processing","Bhopal Fruit Agri Unit","Bhopal","MP1100"
"Bihar","Rice Mill","Patna Rice Industries","Patna","BR1101"
"West Bengal","Sugar Mill","Siliguri Sugar Processors","Siliguri","WB1102"
"Odisha","Food Processing","Sambalpur Food Enterprises","Sambalpur","OD1103"
"Chhattisgarh","Dairy Plant","Korba Dairy Foods","Korba","CG1104"
"Tamil Nadu","Oil Mill","Erode Oil Agro Works","Erode","TN1105"
"Karnataka","Cold Storage","Mysore Cold Agencies","Mysore","KA1106"
"Kerala","Agro Processing","Kozhikode Agro Mills","Kozhikode","KL1107"
"Andhra Pradesh","Flour Mill","Nellore Flour Products","Nellore","AP1108"
"Telangana","Spice Processing","Nizamabad Spice FarmTech","Nizamabad","TS1109"
"Maharashtra","Fruit Processing","Kolhapur Fruit Agri Unit","Kolhapur","MH1110"
"Gujarat","Rice Mill","Ahmedabad Rice Industries","Ahmedabad","GJ1111"
"Punjab","Sugar Mill","Amritsar Sugar Processors","Amritsar","PB1112"
"Haryana","Food Processing","Panipat Food Enterprises","Panipat","HR1113"
"Uttar Pradesh","Dairy Plant","Kanpur Dairy Foods","Kanpur","UP1114"
"Rajasthan","Oil Mill","Bikaner Oil Agro Works","Bikaner","RJ1115"
"Madhya Pradesh","Cold Storage","Sagar Cold Agencies","Sagar","MP1116"
"Bihar","Agro Processing","Muzaffarpur Agro Mills","Muzaffarpur","BR1117"
"West Bengal","Flour Mill","Durgapur Flour Products","Durgapur","WB1118"
"Odisha","Spice Processing","Rourkela Spice FarmTech","Rourkela","OD1119"
"Chhattisgarh","Fruit Processing","Rajnandgaon Fruit Agri Unit","Rajnandgaon","CG1120"
"Tamil Nadu","Rice Mill","Chennai Rice Industries","Chennai","TN1121"
"Karnataka","Sugar Mill","Mysore Sugar Processors","Mysore","KA1122"
"Kerala","Food Processing","Kochi Food Enterprises","Kochi","KL1123"
"Andhra Pradesh","Dairy Plant","Guntur Dairy Foods","Guntur","AP1124"
"Telangana","Oil Mill","Khammam Oil Agro Works","Khammam","TS1125"
"Maharashtra","Cold Storage","Solapur Cold Agencies","Solapur","MH1126"
"Gujarat","Agro Processing","Bhavnagar Agro Mills","Bhavnagar","GJ1127"
"Punjab","Flour Mill","Jalandhar Flour Products","Jalandhar","PB1128"
"Haryana","Spice Processing","Rohtak Spice FarmTech","Rohtak","HR1129"
"Uttar Pradesh","Fruit Processing","Agra Fruit Agri Unit","Agra","UP1130"
"Rajasthan","Rice Mill","Udaipur Rice Industries","Udaipur","RJ1131"
"Madhya Pradesh","Sugar Mill","Gwalior Sugar Processors","Gwalior","MP1132"
"Bihar","Food Processing","Bhagalpur Food Enterprises","Bhagalpur","BR1133"
"West Bengal","Dairy Plant","Malda Dairy Foods","Malda","WB1134"
"Odisha","Oil Mill","Balasore Oil Agro Works","Balasore","OD1135"
"Chhattisgarh","Cold Storage","Raipur Cold Agencies","Raipur","CG1136"
"Tamil Nadu","Agro Processing","Tiruppur Agro Mills","Tiruppur","TN1137"
"Karnataka","Flour Mill","Mysore Flour Products","Mysore","KA1138"
"Kerala","Spice Processing","Kannur Spice FarmTech","Kannur","KL1139"
"Andhra Pradesh","Fruit Processing","Tirupati Fruit Agri Unit","Tirupati","AP1140"
"Telangana","Rice Mill","Hyderabad Rice Industries","Hyderabad","TS1141"
"Maharashtra","Sugar Mill","Pune Sugar Processors","Pune","MH1142"
"Gujarat","Food Processing","Rajkot Food Enterprises","Rajkot","GJ1143"
"Punjab","Dairy Plant","Patiala Dairy Foods","Patiala","PB1144"
"Haryana","Oil Mill","Ambala Oil Agro Works","Ambala","HR1145"
"Uttar Pradesh","Cold Storage","Varanasi Cold Agencies","Varanasi","UP1146"
"Rajasthan","Agro Processing","Jaipur Agro Mills","Jaipur","RJ1147"
"Madhya Pradesh","Flour Mill","Bhopal Flour Products","Bhopal","MP1148"
"Bihar","Spice Processing","Gaya Spice FarmTech","Gaya","BR1149"
"West Bengal","Fruit Processing","Howrah Fruit Agri Unit","Howrah","WB1150"
"Odisha","Rice Mill","Bhubaneswar Rice Industries","Bhubaneswar","OD1151"
"Chhattisgarh","Sugar Mill","Bilaspur Sugar Processors","Bilaspur","CG1152"
"Tamil Nadu","Food Processing","Madurai Food Enterprises","Madurai","TN1153"
"Karnataka","Dairy Plant","Mysore Dairy Foods","Mysore","KA1154"
"Kerala","Oil Mill","Kozhikode Oil Agro Works","Kozhikode","KL1155"
"Andhra Pradesh","Cold Storage","Nellore Cold Agencies","Nellore","AP1156"
"Telangana","Agro Processing","Warangal Agro Mills","Warangal","TS1157"
"Maharashtra","Flour Mill","Nashik Flour Products","Nashik","MH1158"
"Gujarat","Spice Processing","Ahmedabad Spice FarmTech","Ahmedabad","GJ1159"
"Punjab","Fruit Processing","Bathinda Fruit Agri Unit","Bathinda","PB1160"
"Haryana","Rice Mill","Karnal Rice Industries","Karnal","HR1161"
"Uttar Pradesh","Sugar Mill","Gorakhpur Sugar Processors","Gorakhpur","UP1162"
"Rajasthan","Food Processing","Bikaner Food Enterprises","Bikaner","RJ1163"
"Madhya Pradesh","Dairy Plant","Sagar Dairy Foods","Sagar","MP1164"
"Bihar","Oil Mill","Purnia Oil Agro Works","Purnia","BR1165"
"West Bengal","Cold Storage","Kolkata Cold Agencies","Kolkata","WB1166"
"Odisha","Agro Processing","Cuttack Agro Mills","Cuttack","OD1167"
"Chhattisgarh","Flour Mill","Durg Flour Products","Durg","CG1168"
"Tamil Nadu","Spice Processing","Vellore Spice FarmTech","Vellore","TN1169"
"Karnataka","Fruit Processing","Mysore Fruit Agri Unit","Mysore","KA1170"
"Kerala","Rice Mill","Kochi Rice Industries","Kochi","KL1171"
"Andhra Pradesh","Sugar Mill","Guntur Sugar Processors","Guntur","AP1172"
"Telangana","Food Processing","Karimnagar Food Enterprises","Karimnagar","TS1173"
"Maharashtra","Dairy Plant","Aurangabad Dairy Foods","Aurangabad","MH1174"
"Gujarat","Oil Mill","Bhavnagar Oil Agro Works","Bhavnagar","GJ1175"
"Punjab","Cold Storage","Ludhiana Cold Agencies","Ludhiana","PB1176"
"Haryana","Agro Processing","Hisar Agro Mills","Hisar","HR1177"
"Uttar Pradesh","Flour Mill","Lucknow Flour Products","Lucknow","UP1178"
"Rajasthan","Spice Processing","Udaipur Spice FarmTech","Udaipur","RJ1179"
"Madhya Pradesh","Fruit Processing","Gwalior Fruit Agri Unit","Gwalior","MP1180"
"Bihar","Rice Mill","Patna Rice Industries","Patna","BR1181"
"West Bengal","Sugar Mill","Siliguri Sugar Processors","Siliguri","WB1182"
"Odisha","Food Processing","Sambalpur Food Enterprises","Sambalpur","OD1183"
"Chhattisgarh","Dairy Plant","Korba Dairy Foods","Korba","CG1184"
"Tamil Nadu","Oil Mill","Erode Oil Agro Works","Erode","TN1185"
"Karnataka","Cold Storage","Mysore Cold Agencies","Mysore","KA1186"
"Kerala","Agro Processing","Kannur Agro Mills","Kannur","KL1187"
"Andhra Pradesh","Flour Mill","Tirupati Flour Products","Tirupati","AP1188"
"Telangana","Spice Processing","Nizamabad Spice FarmTech","Nizamabad","TS1189"
"Maharashtra","Fruit Processing","Amravati Fruit Agri Unit","Amravati","MH1190"
"Gujarat","Rice Mill","Rajkot Rice Industries","Rajkot","GJ1191"
"Punjab","Sugar Mill","Amritsar Sugar Processors","Amritsar","PB1192"
"Haryana","Food Processing","Panipat Food Enterprises","Panipat","HR1193"
"Uttar Pradesh","Dairy Plant","Meerut Dairy Foods","Meerut","UP1194"
"Rajasthan","Oil Mill","Jaipur Oil Agro Works","Jaipur","RJ1195"
"Madhya Pradesh","Cold Storage","Bhopal Cold Agencies","Bhopal","MP1196"
"Bihar","Agro Processing","Muzaffarpur Agro Mills","Muzaffarpur","BR1197"
"West Bengal","Flour Mill","Durgapur Flour Products","Durgapur","WB1198"
"Odisha","Spice Processing","Rourkela Spice FarmTech","Rourkela","OD1199"
"Chhattisgarh","Fruit Processing","Rajnandgaon Fruit Agri Unit","Rajnandgaon","CG1200"
